name,token
1113332,100141581174553221903195969256723623336570221134927166757337989680800274659543
1999333,100162094003926906344452377258426596158424141486252498994171578279216289611
9995552,10021327700204582714076237995630357441473672365159350995966811103926972137152
3111555,100336702022471395603396034629162412629005697523708559338463183230758138524497
1115552,100368598237754933914322112309038508895260003873730795050612222213230104596422
2555888,100637632087715516399097295221278608418524116634881200002527816265914981717260
8888889,100727235149680070193220444786209369309819231893252613997753736515637621957402
8888666,100739488725633270456357050786742481275460132570237640526886716882044600752223
2226668,100773896175700740005505796726714344747674802344004448741574869513089049969763
8889997,100775200445691524433777426186168789856433668516845921896125791544068335758781
7779997,100933444811758423608869506652169024163408432864882979945523688585704231572895
6668882,10099688965072684992513687228040824642338862535764144057741245524451751376035
9555999,101125383749555736130652091422931034796383999938958923074460720749601133171287
2229991,101135562275836643138622275184521452410834666834586989873170293271412250646575
8886662,101264197449032823916168386708699556238649341581817139410199152926853354000841
5888999,101299271962876812409357304357711871755849557717541218814570775583814564272214
7999999,101346791611063211438304362899744621953167777207679024963288931199551684176218
5557777,101397479231317546835249498313856092985479775130835611344678550573531588224090
1116661,101418456860070450276901920074432404415478865182660037472135630853655715040601
2223339,101543021931346268675075237779365172599022825730918198250089822774295431744935
8885551,101771145362077492000300916442536976788837386681470255822246170065850884389173
7333555,101779512318234538240986852149794119671002837894747430974822396745558844490741
7777771,101896578220531038282506269152664935636680820499370004936133572141312533702161
6555333,101902169997535348376586882002066477117217053127762061091434205294861975283881
9222111,101903343682499071984657866822438055889464543973669079981085830939836766602758
6333666,102037302760029795919630540227173568495884124811517874895872515327003012980223
6667772,102052757418347161227325818575603866608090765848314650572057477200372618072036
2229998,102142415574698925362483308404241754284241483689076619037153879235540122271643
7999555,102204402096712124194105239000531399881543546327989635671236459002318471572950
1111117,102250488491120407672051772815779052827652786057586027949280004833256402481127
1111112,102375524146816555510617856984372232442491791871669750766923197628520823562359
1119993,102423156152553570110602471718866961994465583391468238084018432399434934909613
9111999,102845974035322336661735793867234425363468725856541688261577641231045194378478
,103036943761861684149079560406816286353195654894597447751806875543437243270280
9999111,103048332689333068179726991025317696918165981422716887951701562391450143013011
9777888,103099518658886073125119693128875816406790206648098626044262200217770165880486
6663339,103242230106848599551946407101243844666792476790503976756167277976263574523149
2333999,10330411560764747991568482757258203441250881108728188475754904561292416475174
7778886,103460029006675675079897914976344413706485621591954306636547655723156272795945
3555111,103644202680175244811110149149210916813059273250312987492651342577684597110405
9333888,103813473895486514015082793650240229152180829778673910094478798946226126419626
9991112,10396537957459652086341075642317348888573489447705202843416422224965708873988
5666222,104107391983267360194855917106611501474112049283188965718038355990660165493049
7772225,104147178300005739509166494735828934148047766695231232505718384965818686733455
2999222,10415038614093373415190678220277606559802219422823407932198395157109077100308
6667775,104197480361248852199582784933582038199932164769413518201963275405687580539805
3333888,104314395041421593727275548319949458197145868511647766243717982799931595445349
7776663,10443490294977038225213575843744418723918861968297243831990830126177352297811
5558887,104550054366228914588008377292338019875609891820858176280781867883062235156034
3335557,104583293601098949307294466787702606984479435067970051615064371996311718085556
6999666,104680660818871446029431873836371027764708336991107206096207877454644828058331
3888222,104744507161643239023785250699966172242256145201482144302281295871443197400950
8111666,104781353954536704280559010218301621733508683043812809871590976198471402962867
9999995,104959044710941172595192175081606284820741140313523268955996864857246246714613
8881117,105124607054648358153225448715778242779739756668153755240932236611310051845400
7776662,105283642438403830384840310349997585601966806840919671701401468319606639495349
8882221,105309252574271717367351732816545012405285559615315362065967551961322707475673
9777111,105359928296572884037926030110996263512777041675163588051705386150566820427241
8111555,105405845402029572441921103754209018594182159217117242639168146082962078483399
1666333,105626536339662549403153831087535324339293644178019773496667021874343251900883
8883339,105913226181772269104596034218438174471632592050676468598917637877270214842472
9996667,105927762117978708661955762845744425790872341245911195828000479769258404265724
3222777,106069155502416821328506902157319073545665785703820456465270355417894277498518
5552225,106241140470762912817465777268557034909587109936217755120355470601581637993254
9993332,106371773972096683578710150336492805747077234568177222077892609383719314454164
1111888,106447954790287365476538183367752865951008910021892580974561917599733719569055
3999333,106534000985565517761031537299714547879291276277925916712754181548112162178533
9222999,1065807421838538337335079753822914054229728301330835197790431466129492519388
1222555,106690038548251029083119530981535017634072932331121671608791103085112143553465
7222777,106719242231290112009738813403322920481785504688506455055008667190828656967255
7775556,106883095805518165430698701967609466820622922168251379914769918789666260062643
2229995,106974437144379241534014310420266736810242118548434414154070575135773924492902
3338882,107029985569013440074094511185528416433185914541876319971954183640938866720467
8555111,107082644037215588941354275446416565400247657177448758863164775974919303983232
7666222,107290234934426690026747607684553340300168275508080294982599324413396185240790
7772222,107539121848437179283073939683390848909684863801620032133864704638549996549484
8666777,107701891661535514824831544792328649182231831205837333139423231600598365667945
5333666,107707393797182471470709218106534637498261815753136058950785171042906854989410
2333333,107734314442792037840042384035391273118244668861634770976869624968471957771053
5222999,107807159005658709258815310867803180107759285791857975357270981465134924850430
3111222,107818102653317281909986383319105878497756927793828183087874752583936529301370
5551113,107862587335208340218175444659934175764525325623120334750963545179115083470448
8889996,10795427103195319118748932526614134102749914892099502700071684529737825204323
2222227,107985741022877341581400875506494741786227821139195008315840890578065231415056
3335552,108224027603645983271850661716384646666164164713988702083978693360676152290413
8889999,108253637974585313196250834151022042076280870278873123104291726113728967680059
9999993,108570223235675619009805670845848751873724307789142186073944298634297636115301
9996663,108666134352694914136812059029635394336094416925711498906025463346122523557098
8887772,108867323993295894160863156634141405191965568492236240727795372952289218662836
9993338,108932300611053497073087744116834549461425693851607130478560516333702609120610
3333555,108936105048994526462986506206886060590354865724379090850529162035352488013751
5553332,10896728650229356065374791356657593077388336814814393442710415516663523936105
5557773,109051086679506098884083412031196679821620677755433785792058839284625444739558
2226666,109230834775877846887707248030165178650537021229504352683455312226107895887067
9555555,109335993088443183994627065969284949998951161468134252322993238513293346875240
7555111,1093442862547170441345916574759291157043366439016100190613450968914097836993
7773333,109582672382363907252881174298873264858123190997725991473078629333848243682947
6111666,109765871255920391979085910678069720819905406130751685150071782868304032198072
2222111,109954419675509596331223732119350481698607045476827957568203013988492228739444
9222222,109997158432601317196848581971490338385526877956758537240141868649049943820714
2223335,109997286333094381589383446791076224712670560678494412582606786864208145103364
6777888,110038400992498603513025687331611518859498996913756268359254054836614938092004
7776661,110042772240745636832959813442248608659657610525343874752223898474416948418760
9666777,110104928453846325728467626942218784585323216598600127377277454986274233475371
6668887,110130204201097029723617519846633256466346432878025346906063865148490083715015
2222228,110160412816509854512885036668473473780632318375917510102625277152387620342638
7771112,110188447376945086358368732772316698189769519291029829320292919519073325515728
1113335,11022263464860519902764589380181747906123912334845048716896925621337056623477
1333888,110406876657270828086815041790776845676931623790060922165386262061032359055306
9991119,110526542954380152914661275372999261276965811781652591199445775653552753311061
9992221,110730204349217211327239575688320592938383458798853545824352165365003714527459
8999777,110750027363945530220104493234110054166011140536103588935041291395625786352975
9998886,110818749676607704392457611274156251188793515377629563205776813273760364483450
5553333,11102792891619985428642154235780591507057986124209669448258665600974050671750
9993336,111052538439383012309611855307036667258206908650485550632347568529847704017133
1119998,111055642795934995169361401400253732528850064672987323566227781776571429571669
5558881,111206972290874873059194259421001005615552589823721421124628569898185200024235
5111777,111283129272063776754516487763303678073408651334940938626083648810643071057023
1116667,111346282927631856912853122792662391009852073328615218598364121081528223211991
2666888,111405549435092172783155193801497624807959252764637865965685251343650649017925
5553337,111437929912079197695962062923941664225235780901486355584809887010408505228812
3339991,111575503831522986345111959249361852200740049392344410205481688042372155339227
9111666,111630037764034906382867196319146359354565698196644643416656587839968693825521
7666111,111873836673900367972636035831233606688840058785619287005344168338125219478613
2227771,111983161451484703064529958803748054116113545493226839777046407787524479175547
6665556,112030000481766729785327468460854393353667457398982371285415979363310859418364
9995559,112060346397437414979773276931397844574028273497779473741555107093460749292339
6662223,112277429401971316632297913374099900726619334860112752144158705774517489623269
2555555,112282966934143175238147512921948369845839455173114797038694373172163498871790
6666555,112457835102315535012650855849768727881545473412472105710160779891546564482560
5559996,112461029194423320628779518579268825787091724603669719811583895969303758033032
6662228,112461649109092149238012413290865841433158104584854821230050656237663097208822
1999999,112484109039223565912647096734096379119026547121083674817726073659390760195068
7771117,112563153410492321704218401982210993519652382797938101269377028243907564028864
2555111,112574383515220464885891187178648863616077003237483895385622632310691453427860
3777666,112891517622331327213423300353633635272183895234579530849503628694341158487271
8222999,112971752155158183096578655123357748097141371488979384391910316226367854651752
5111111,112972502001176522620657657679470887542705340121839374432787677244463987664584
3666888,112995648389769008290430956394189261052649096611831975877377320205524289552194
7333333,113086008873894551292451344994295490651092660203590233751537174242519357064663
8887778,113101166046044575542779760798922815701903195040149821627132077294653927394198
1777111,113154049835176767368790660282543287195439534311200107134141837404950717478059
5888333,113203532049028845998208663532566221940055092477099113006849051209879014125793
9993335,113283326375188909077468842919416673443093831146159188898951930640268302275011
7775551,113359689451202565848942576737293982096073370682185840600300308560996338272292
9991118,113363997258658875514658055309945715841473691931061973306932871555496858729495
3222333,113388831595327052538849456017318064170545848315932925703785846857550112451909
6663332,113515413986555116429737488675632302699782083631737738140937602830084789903097
6662227,113556482865141115810470658966959105013533938804766325832134032053206371419740
7888555,113568652912251738328038842261379021785324450691851015487697732745014259221077
7999777,113734851233281328106252425589617178726585185306267851962792287132346871270611
8333555,11380680063824868714724284414450283540311036783758388908919349130153561569323
7777772,113908404387238613576713387600935670123549113115230729809911764965943382617177
3336665,113934908331018366023429550805027182312235912459764632997966157756938770043411
3339997,113954909757712867988561777197737512171617263247001892539659336766591756586848
9222333,114008833145510277575045463143939511871433984720685777669798063031196972386598
7778882,114060808615444899195031355781941455721350152549317896595535790494840314675444
6668885,114165999709745076661345595258003933607276118463312243378738448771124229157254
5555777,11426440249793146077478855823154879315645257460239918490096992993527315124707
8886668,11430661636847312916544317112299814947222541868944860038387341350234923283497
6662222,114359515588287453817431964402220361860083915149659530769546690408548107777982
3777888,114421956191292993215261071798413444658384758520786075110295077782601924752542
2227776,114486730427105882549734181641808949175268219678117794080556807274508527819284
3332223,114533881633053068022310252038758833524768339203607218772143227928088625364383
8888883,114645016944711844147704933702946497577764903462084362675949899880030734316253
5777999,114706394450276125382995521523779985497829888856215555169749158645695044753433
2228888,115015301632534638097957518161764740598378374671110737157658271851696011515547
6668883,115024181731398929126772667641472562822914766231011538192038253556879119342249
9999996,115035423665779789906482539307329309043450906936677683010091984065355616328595
8777111,115102866245129975816422264025858872709547356022599391586056596263897533288908
8333222,115157340365106568799883482499898100096788615396146226210385476681320095659175
5555556,115210186797491184862085048071869616081443969025086191110063378971432515519128
6999222,115371928473629113673935368870427917957491316833335271791707453856106775221496
6888555,115491828087249087206554445754933889994125546542888835365048820352401628134937
3336666,115507050129828484060645229887998301286988131504943789431672286757315876296356
5552223,115785865372018068109614957405187498138754721697130991163946074617374856328187
9333111,115788651546455829576830712683063074853190947877377375935510580283941936451171
7666999,11687150407142930519147781536686754284656927767652648337718058364383452464707
1777555,11698344800966784238214397661464967685102912425666249541277519149814294420241
8999222,11718478019843761709612575024498199608305653010203983321850202756112513640871
6662225,11735307502847169107439230363364526670189351376968792337031231666768492580890
8888777,1180852392442696734217778713870447661535844298599118504452050731172533747485
3999222,11831204772864398682901137131085902755821664860095970794546505580694967018339
8777999,11912387942301777786455896836030281312844417079211061614171396483734416477141
2888666,12061111088416060570738379405840656448005265604641965445420045962776232961036
7778885,12143891347593851303415361411362432675812569623405798888435088176924516194175
9777222,1216375237624992875597862665431104662662029955749391848636795126884908040442
9997773,12208054579686803071608564698882831517258277488807710114995798163747520552383
3222666,12316032402296719300722739947603671232305004289335091686634441147974003825070
6667779,12437433122196174671282966065160450630386360222042473634115451608067595247974
7222555,12445922788110201345811340110143149878587743316049911654263014478366183334603
6666111,12497922102923855113985104668556533458402735703653970758419402264707059368604
5558885,12503921861486212784239771033724613945869411200739016069579723585730599719250
2666666,12667284229053618553319257634898824146391432669227544916383997184963897905435
6333999,12873900800244715080260555679099615140195817756965510196413889501298647133982
8883332,12974137741607385876977123493864260683196563143964952442072988101723891069624
1117778,12991763502669167388913840867829511895536452644142892282729293883857243613398
8881111,13005627528604172752532776848673453393787397730435321313475283784320498781191
3888333,1317884085171033146211012656446832323797328782427459965258633572445360503158
3222222,13316680810722686303639746251176643280814663941760054558331182692173264326307
6777555,13561642723208770670781862872463352624509147719494674552317524883225363278497
7777888,13607022821689996351653805874516964123938957374775925550242746128777503399342
7333111,13634095878766524189496614133477803794124092574777270181667250670950292525503
7777222,13796224669801599671270516387998002064472845250909563750318026581861131148192
9993331,13814215355720633773063115085040499992821963192579705270920501218861703996643
6111333,13916307574593268171411419098716466680848423508389960109775523271683798578111
1111115,13926950849208585321216964602168226289119030782982245207521753814033657389269
7555888,1436818809138157019774496159359359554274173680335401478812640037475964839033
1115558,14371565944932617824852324241834340652407022146569433357915597447315950028957
8881113,14482130109469984759116499628799504299109546965166617298539867309063724002075
7771113,14498721110077519329391767170470131479425176611208132153420920958308095997795
8881116,14717289616517471197823599862013384985694002314526093380490791128157268439148
5556666,1478465864046342064605543447572494444962214977579048365912199695388053248106
3335555,14797329840059254438344830820409339634137690250924440981516279173200305992364
8886665,14908623722566571558364838067055982595023796481582978041338104902698683046719
2223337,15022384056323651971736464667278534325379617280510212667182551939800017373016
1999777,15116389793625326971045802751186111679932037039976943899436034312085465463319
7555666,15291717985963743158883105005458974439047285868368422400808296869695490196402
1999111,15554332094346294519154588270705807279927251813279090235047271294918614613897
2888555,1574634724385320925326937879798030283747785042627198195606163230477656736454
8881115,15795146700446635991548697024668003763828449963218453987324667220448901082494
7777333,15973440375996901914239487476163779792699010944599056408145178648900564349356
5551116,16163724979229031182645359035699826356782610444856043344548976988116201223578
1555333,16300993773960678754436655465215930406931720598737215718560532776175758048637
5777777,16473045022830562150033437718350891874838160740424014925482979148318431484800
3888111,16477161150864249587012061815678783100449901898327682404198872140342560394853
6777111,16618085468354917805421331180475285494314206853221558482813521361355510320202
9997772,16620300848232024973218815886087562803512791938380918978062976382429973558871
8888999,16926355697193107220254567188179392755279262903967582757229179748944413115932
6662226,17199297730024067731239795461938097812134145461679246401676790314067804681527
7111111,17249514081572777239150906424851103449243245758349631177809722165781830502384
2226662,17290895407973225827368522784389597354338301754266725053848465987815462254815
5558882,17374829767143287166967895437691342152837125657716401787920130322187880028703
6888777,17396486925577798903593494490303392520807118830031008605329634336492892017289
9555222,17417203526777858907703478419345580565401107309314610514660884686428715623685
9993333,17471740076824160943516984059126184683453202672589558774380445799463548868629
1888666,17485792008539972583999696358393742076609183660841856338965314245650566068996
1888999,17497930876165668046800020017816680773330640823982952858007518951384030627403
2227778,17831413336294487554833134537054240751227195327405947685201584064082946408320
5551118,1809501065501686543218991364584616929930181002423397853030267634568415486646
8666999,18165310882099813734624136476689670246732340179147016201229785814653035899904
2223333,18249235944546983895360911459074105987086668944890840470390777323069448243136
5551111,18261701759649357278819510581392643798257633672481209820605584185971410896911
1666111,18498226239644963795304041138796949809282291760552762296357077860757138281097
3777999,1855506919721247771507151769678845590769013248599182324896724962952211908728
3331113,18776166914324422131908597629049544437317047691424901972044674823807821877391
8111333,18927279404747100196886596756381524774808261415837124701972937028170011132525
2228886,19627505290803039775301908596307291915170691627292160459145056010623391804707
3335551,19635303020911935764100337236751093613816771789585399758082850467412472233734
8889995,20016980278794789939356465466536196734722104115219188748849299190860391014055
8889993,20036963957446766694025496782861509781498606027533531547702755050383866378799
8883338,20159299572158850860277689800220611863265922727494186985750155463547077429566
7222222,20187978047862158462254225784825681774808688942363926325308050149082215571009
9888999,20385299203138069912091276428758880521839066144776806210779203219825354698161
5557776,20466470759379188172524503368841806893423194324624071240891050691608487577299
6665555,20517148643209086256038008590211336690809314153476492590716859231000988114570
1117772,20562845158074908232978584695175952971437341555433283869180670789194531706016
3555999,20605735849213840486950282598629778771732744347493907400903390034364618009489
1111119,20759660906030814548168544153765757976785391662025895058614005807821634472262
5333777,20800823722903598727835016276677412168212111670421558940852084347755217569129
7999333,20898002422539331153393034183478566794428029402436606211278571838078013445737
9555333,20975949014055064137786722216489349572707029715787065115683337438709253200174
5999222,21025811029056289110212958481587306798744961194966983003983640723875032617407
9888333,21136487373249858740833950600004329921443787127751593179311943954382220446895
9777777,21164781915413588839666124919601162295222756271386641956888146891536645110579
9333333,21197910096447227632068793691244323301779532984796867449877530498259852951689
3666333,2124681128959575682194472946580916401516859729785855300633638406141968523716
9666888,21254305480563386283292774674196186930335089644726514756993317308177792127210
1116663,2128070075798633088157174760724310966732842756777809485995245440350269910206
3666777,21302225813382083769560670256857799771369530647494123231317524594190923008535
1116669,21327381419563654862175835651644813046364768606270112003023894375718067241370
7222666,21431314439035631554326068699835230041458295205728996567339174040974054755293
1999888,21436571841975072236247840627613924995748449894642438729270703604207679563854
6666665,21469705450376252888081864696956135888430826229523830623818622724520042766500
8888886,21651221000527674064496496686860605645948761118482373413119277448601663368087
6999333,21708048617251505715495366348237819723003932964521585343590598767610788913510
9991113,21833557589893933031524043130529471263842726392914772466432121779850477344392
1777999,21878766988048344411747348291490790990657866099471375133997397031404302003623
3555666,21891260087185323961854222179050532863332530467593416410009915054411894128316
5888777,21952509875435093723787986282652820136789306190268394428991409459921718191601
1119991,22001430133354805249085766073839038485285892005050372185616711180238874179627
1112226,22075328570565881147057458522137770026652537299576573667256351989190184556808
6662229,22252475683206688363140641461716415133911285894144270863100175970802693152441
8222333,22432099200952809770616174251159166602677042495835840904141203147222985237149
9999222,22471738859742857004815028435025789112886296415316693131255447515825660661702
1111113,22483636301613927072312326671322538736102935168774381160577965125379268373259
2333111,22571361036757909681698596981134204141650128703656397666972023618729319895580
9998889,22646034374671161399281460192574193808474981163201646370779911944526188437886
1555999,22663984528387630295340643137032592540940553383467158873812776270849987714493
8666222,22830017923547945415309744222858116784839425974149946602735015484663745842800
5557772,22840301225600937616165336625216847153665584305595441550299135033396818249615
1118887,22885705347160676074811697964776769099340469801199995425061721206575503502829
1117779,22938285454545093355199180238155218856706304471119325553207432908486167637510
3999777,23094193222620683696043040291017705627663419857787837700061775847795942421969
1118889,23139398795785604495115754402783967425272015906293298498654558501562616736527
3332225,23230908842590807568927806348405116565987181810587995442654687175548556464034
1113339,23535870911603671172808518033028744550984482060016571622441217432925612833858
5558883,23605893753826589603485974887103680182246331852877619113530715318799811561757
8222666,23653944251451896637223139971492930271994539204811536390530399656675294348369
2333555,23898152548932590034221834459807517083170472106396316652888451479450673391815
2777222,24013847307736578555634539047338140757113187322325966610701157389862093387800
1888777,24177828479269959200057334949183741163077881373246717129393667232005757963940
6777999,24292930522098997290075346670628327911402649068235718192570968564750551412704
8888555,2445640258447617988760474524747332892898238413752667552607775895430657719658
7779992,24585499907498743163268387909972560515157397811588838244976280702105597547793
3337777,24779982966857936389062078241989314775582311752221261402133615254417134440347
5558889,248918179087159349509043542944787774022669464951069778878529805729960652759
8666888,2506143262731638511908383255960713651774062253488545377448542782162983246950
6666333,25204012103505956576436510024785710427872439052456345014702008874520395275874
8111888,25298246976711567426868870443255983473232336712554830949523049461691281921217
6999999,25481444454610213969552592591426111078387936725588805349229898617856859575159
6663335,25587780835494769914299374200707547199865958725447777117226941963978867870050
2999888,25668777224519889726944528543520745850172237893480318919076570130749257852720
3339992,25669123082681569034304294809004279036867508293228621085037909006675793507106
7772228,25684068678880029224756267463169537430207846396472140936022009443164599267324
7775555,25759845181052475454255992302489721344602118183001469965762128217445673510894
2222888,25889877033972285085510465154235839649768479526971821859765907016336185962965
9991111,26012415989341694993784962431047108451003529580197549636493397351357110114973
8882223,26057546428912865422058950100048316179539324801193234260901020088061377388640
2227779,26059062145591799521647195299972902300526151673837898217197659818446749060716
9555111,26316334088785069205623443079710822091337963593449251790114683619415889913255
7775558,26337565965516798446013960851707259204441281427862648771127592675255823855280
6555666,26351457459090739622307252269197709693048733912623155927379761521433057469896
2222999,26384570428866389898813799611921727137680809406826819260649723772811038420445
9996662,26431389112856172736097060972900840235326137740046323836601229759958036735437
2555666,26620208397489483005850375310633818741560001326426456261852101582123861740745
8555999,26649454618543404317590414765601011457065865893275556379160180804595769274181
7555333,26653913018328659215429603325344900174236308059924655524001355268443744744538
2888999,26693957791410743380783559270724323774256114204788172717457901474509506915836
9888111,26781973606028724267861778210405181800783939001827744875405209780230257059273
8111777,26952753599940770131654216662743889994762018486904825675183876965848488955774
9998888,27327147219517831110338059417596853021783349509014833922885705902231066079579
2223331,27348860627265240918624935791148853253651374578407631197858527256034141214661
6667776,2737320456282520484067997570158865571453189303942618509754944010303461740458
6661115,27432773471118002770353458861100201852746852785066690876607169676191493300867
1113337,27543487497922806936100081131180866681320710143972281493471320421083895329345
8555222,27544155729096230672091092990809789231904943746302692508030925629113109346720
5556661,27555161958453333900991027065652917686412199256046072094139810968481543089260
1113338,27998091004640215088830948996854526839745796593687368280745779605114574692655
3338888,28004360204689493846393084209098542943816249456752183055588605422930231690928
2229996,28065847479279733858085999191992591650661935074172421806736429837375711311506
6668889,28286727757256414558848075661168006766190942191930224729688446046697043513125
3332229,28436461980323704676667643840562417942492039199298605618845239079172822368819
6669998,28503423794462185051220806394447398347119594665043085139837903210065554889682
5222777,28611767056600939840651037586731961259571434474242688427090056704387532411337
9992222,28740771092499055134351166560069651572603055289953944126802542411084241640764
1113336,28911506001745336491215510152928049227535995677577225460183183194162356195064
2666999,2903450242699923842204835892593222660279033682525054600948606447351768135766
7777778,29035984983707805181857809888217101302707516658884686781763490418970424899016
5555551,29072367349491529871571269922381030069120213822145256011408459345077522424086
3339999,29125081754452090734455762090822888531739117269559422663464047731433597751703
3332227,29159864103958950746681529519899399858865946673153691647366715070185704457915
1888111,29302079474796920322220542804820825709498831137323105304345275466989696305121
6661117,2941152311759501349611907933737506030395046861556971579215550972254484537338
9995556,29465364685434077487089601617065376049654573033778059801563032421313554330128
1888333,29521819701414297234418720762680161276222656800346138407476040834254040211337
6111555,29579076124521502570081669275261387189434254659417902708484151481517774737127
2888333,29670096381731569680087936098409865349527857750577136572095547604264350090505
7999222,29708230775193383117844536510842114818112007375337687111873507871218120486923
5553338,30125186056969432909889254415377097610353544185350398945792540952867749664730
7779999,30126217741631756505837230264211478819639726066517890700556541094322777353411
8888888,30240805338782155998729955749605529718888861508790928011952110304655665135821
5222333,30302241688860242032645027779631584464463602027561721993523089715292975198334
7778883,30520374861568271939427951202144857321002158226733246202649485459062080609096
6666661,3062838101813629141697979309732589682052145804543443705622080734440066981165
2111888,30856537925101054614425884326209024269179517490650701232480290000513061460861
2999555,3096881760127156326658636760852934498348162699643539247941954617713072763786
3222999,30971954359303858082250109698075364680537905580970962616345841894952195962284
1555222,31064791600363797367728351959961433459519053844290268832755243866538917256114
6222888,3107538736042665588487392265882387226418899342146606134384717174951295883048
1777222,31351555123850444155885819207529397842255475731796321075994185918226646929214
6669992,31522970123421910400400133102213486323810185052250881216667213649088009627867
6555777,31547099178359944119523995485421128513206822039516078496562632645797456822530
2111777,31917377177500555793634242004200742083986932153606381051708844527799208332667
1555555,31956183587424959026823071496252215860791191440729360652833652229168393911676
6667773,31957122022434078835140945220050296065289094140840435473159494482586176668420
2225553,31988101259896331035426347548201052483588378288596753760978813459682568656332
5555666,32141155866260744388401548586619561694473817863989556455132443023447252255520
3777111,32238019672723503056604889049617979590090000709941424073853770801761774189451
5333555,32246135084334741249640331716328545317298557544362137106828319468657708283565
9111888,32284434406800727838908554368157242764776453472207015899464647927211787132996
3555888,3252644589253986185295113912332865038539132074599386167673309670614137013754
1113331,32605309737389832115916996451332551317524122318929986491677795431411994193386
8555777,32717154928486270142463173805899655396435307283334626819597879115402702000292
2555222,32874377506644312724921564660209361277181228997616204465257697643142981546911
9666111,32968193274559165220574095339790886523501707064103129425417750085671628421690
2222223,33112617132688232633804545544089040985504257124510782639226690718011355770579
2222777,33148175117227461714550867931533743670938279397591218445586237791622368615769
2777777,33602446251272844533539794099044446290680389651761997000961957218262027316188
2111555,3364762645349657344210548502538271709569019377537372469536049323589865805091
8999333,33725254045176661335008377345599187540923629748700102412818750198969918627265
1999666,33729594895854217585227169316098197445596115773916371183025376436986845418000
5553336,33743317916780499779417804338653533095825070219343189412888447752990404974912
3331116,33827195365518135511903568554726190436319070213171161399987840820000966458704
9991117,33842489322591621696579365569519108853405099300504887001612025746311392680011
2555333,33865305096754005753010060429876516903253843949182731634692366109956044236308
3338886,33907307524463616258523098175137045057608996145860554185034305998298433411554
6333777,33967153511144831201560785015091468507643052320976816025939852089552630444071
6669993,3401376496628065176051386252726898945208173127255359322917306760069747765777
3999888,34173671462356695795641305178293116683897836251580226790037609278679027409158
2228883,34199072095417495149318208353932969200412797952775636883234226800323415974636
7776669,34238204727713850612793906389301810214500143611955110205455220380930430455496
9222666,34240449068043755764085189953536626399677690662561893351601681479537374430254
1111222,34346655645819213720966802868847998180702716258120786283419454408181136931717
8999666,34368441406273330813644054103788914229615386886946441383884720035261019870550
6888888,3437649526685147438556209623257175996080114632318669728330997326011122040154
1115557,34792758703837818869117120218791717578363728086042147581371768084359518257069
8333999,34897908359354804908714499756156671920596326092668762813588305111795965740356
3336668,35100687039128549997791381327150461897056711003907901785435358376172912661506
5333888,35269874476041490576913491402973608224004140105943228347846744492660655210166
6666222,35406596760129343174730662593176294002847640898119286759381190783616518704492
6888999,35561553771885503576499262596773233676320058598108910206035972348220231838808
1333111,35774566252240242003536569665847970370832258344103436006901531564993631014109
9111777,35792759749509563659173094697542471560468038546801372944412907637978521420934
7111777,35913013484050545288334896772440634852543632000394236195775980838248157293887
2221112,35957989067138755722949076079468560497036413403772217258404639100370731961634
3333331,36102931509958585338197867959332346672293438717873549672880668590427414328982
8881112,36115202924529480117877878407139577172152616654016949034752792712260798190858
6661111,36151969998322570949385963515913527422549957826929677895849902430493719981283
6669991,36371431676071204119023034131341772662415797311504651615778337736339686902259
2225557,36424266741398194552847713633910675683923632374393824216546839311058129738246
2999999,36479616211120245578384949382381532360155565841922652062309327416109800060151
5556665,36592031693468229570912126752709664880640516805581019597960131306431855524596
8885558,36612675742944229234039719530888906284494095961032686912085807312020577324837
7888111,36831710047084967672961175016520864193189424143042328338671202958234153658385
7111666,36851436607794388320728387294225987897977665720627922650478059894470888149516
9997775,36964174180547946350171838875215726625967492736430618712290713033514594939197
6222222,37152102905346069035069645244884880120781046685506813133679098643364934441193
9991116,37192790156510389367038427259128005295116721287150835115049291146193863672440
9777999,3724046353818095524976425444243121838995553864641614340117553373707021255661
5557779,37378538643537097082446078879637133885923237218973441056929330779745219598913
7771111,37547957710419653975108224239645897033166162136542170090260660124086071112564
1117773,37792969696253426408102929703229691789291749957194247135230154406867991484631
3888777,37804785961797040060610313379118151357288610584914186024262187123771525482779
2111111,37839539608407466919698640457494604701753964321129969975842178243293193570607
2888222,37860050159954567616045453669619531193621078414398780549743554529873449148727
7555222,38089662677578855617102070176467713293583958122186289713020797329519136425450
7666777,38286126748786568539588013038774006473266452097092225944575661268247350933294
7772227,38309456148877060283503755330545309191763615106204858563693107826702936026749
2222225,3831041316322241053675633325484600078708495242116166247614978578591477342007
2666333,3834202047960572990719563082195388418397479183990602346156322165979464402284
9888222,38523129393655795508135291673595366335478883603428027428177155499471284168764
2225551,38656308474209651228578496770850062082042304849664874854901882990630459765676
6111888,38887799261554202332061892388770025445618506593032714980237004318827555131321
9992223,38893056589999189554268497993458807221455064632747884580675228191006515447275
2666777,39045801072503238920368928811552686262976865240329697936358905828980352360505
9998881,39229078318319243503426619393926996789496731943437382340849822284704063430632
7779996,39403825571200099537079134240247572591068064315901958894803344238730847881225
7778889,39476439118190653200494342244151256187591868351864655753877000704725357676078
1777888,39624768411712168712319846210223843758382628055956046275862217007906162681996
1118885,39778463708369178298100545635216754774673844354985721251677207966113514206688
6555111,39814924453584549588442942682503484600304861082967650708927486360342033579471
6999555,398158311145104420665108848919706580408931263145005288238795861354850755035
8777555,40143173167026211875371140176874816651190764711966355196966526188785390443537
8886666,40182731073010521489304410309555931161383965732687581579423095578288431230125
2229992,40268818054094230742225103570223242435644328890224512875654348950701017559435
7555777,40284537242190517609075485822836712352496849028040251772847344643173079656887
5666666,40342519684817174881567209001463840595800115437185756247253053426842394891488
5555222,4066986402631822594189721177610278016296424180908107039667880953680383673459
2227777,40734686408584871334434327461034897653638070879374416047606556629916765482289
7779991,40749762635423494420136720951056751990986733444453313424676165298159054377587
3333222,40782759746854489684066945180531802900916681083313742000996608960049034101202
3777777,40927749777171581797735523019007961911623840925652442032178543221038065893228
7776668,40957348464640686507273806711605808859098522088720438000409105216528101805246
9333666,41072997645178920100565088120664547708196672899212860073073176585293255546854
2666222,41092358348864932511993422114274256653889171349173295250308746728017440135584
2888888,41138534609403949733983882082330548670595898075375190421539888920651731477802
8886663,41190633582260285200106252504484945483514827756230524997201727091464191413184
8222777,41256332025551444597398684600765165982881060911192439599576050578477776830696
7772229,41295381157080072342535703984228198597843415069259242029849661833965866928357
7222333,41347044631800231166197201661441725314856022247616322899132557983351997267400
5559993,41366729827286400298821491452939065753752500742904261655355095490688640171911
1888222,41387342345874593212626308690830275245546207645998367740761305074912993449849
2222221,41833118644249691137718070819020686511974292225802466484204181046129154378232
7777111,41859259771375950656920967217305664426914930074598146111069114174402387404908
8777888,41941869732003752334481283850945401874850498220121385776630076328761563557584
1222333,42075572971318691276035571235783786830644467174699908767428509717999533511001
1111555,42079469249610392445856518619034357624701604742743206754891702802804939691661
1777666,42163303605688295203238954505341322716624173923960653211243054567985065888074
8555666,4221321463749087713487146671134374505517414843632159705188248642929837647459
8666555,42429689537615811413510603223488286325526484819226748562504004908798152912128
3333336,42431154934435594407066588443012118097235695006468964107583501399763871520318
8888882,42521698022732104475258813783390301728254276542065318304265762482897245554340
7777779,42597283159090591424938036852259141424475314107665805014840013304686058377685
9995555,42685200677613344956955472989335435932337199149072671804428474593837731141029
3337778,42846175687673542281930721767064973154588172044379886277549071353570659197429
9997776,42862696021868825984161853471643942862461818755380521664110671823471002145284
8333333,42945982450704103110287436660598672731873037073554708353400697338047993548032
7773338,42994270263534878870435672193087930560940463532236354066690395968705178257907
9993339,43158834128009215043189975224394269774546156348088204090792602535615331015205
1666555,43304503612294589302174483128633996829866751114704406089359036572421750951469
1333666,433314796859294601596559570229298495290836689651628985038544120912464197908
9992226,43581406333484901727314200105308846676137617079557510685129147470539169806562
3339995,43717807308636176978612768885571846554340322530409931690414698034978600375285
9333555,43772509604194357970835427270391818834866501644154720357400619167306165314241
5555552,43802237062995299856814298536378595183152948346662159175440386416518149426714
5558886,43837204252920052258486296236143416478762884490888806118969460907189978622411
3333666,44509318179201890448851463385627997894655356189061034782441661000336142512224
5888111,4478390336473926782577127572977735128549304721820910097800385211873526930796
6665552,44839124707171253163686830399813473888445878266238271816233054618053818371472
6111999,44884299834306967391194745954471588191669241760039667498955431411327825530090
8333666,44980725670329460975772937357360837422205752852243168492204203604398870111313
3336662,45151734075585302680294045670263268126023962853726551619173911395192851077805
5999111,45197441085733062654655559093611342754072370903308573314210666145474836750025
3339996,45243653858738341107636245580547705779548446953975443743483066975152485118232
1116665,4531660106020278848379742364273949735675484673093700555039467578363184405276
9998885,45385878102164329974585283778624221224132281548259992826805291827902475467575
9555666,45580636613890476784339090160466867592448524833266018102915532532684740621391
3333999,45597753580662424869482789123258651404923443180212763559806484153477446031409
2222666,45644938167724185584312375081606740622074762647157554551866134389538130250327
9666333,45815407661085904118344299846165832627979578167696968232690518822822750457713
9992227,45825871003602053735719537571240595541726958719641674839881796565852178555176
1222777,45874050802778603489998659972397678741240538576407210643168349262886638522327
5555111,46235210758008305025819381729825910816628040094060348339628511763786109559094
3338883,46293183539483662858785667882240707292106972195076767839985337661903146098377
5888666,4633949412324152244256878782399111744414931575846176391010830296509548895206
6333888,46571879796106327101281275475290805704438352447771229329263407743888073323317
7888222,46620077827811353652091175224977328132418539362369786586436149224569791445523
2228882,46862095886186465144708421469306077974503868881248057679530352925743189679363
3336661,46865164710888113707433473033328649577605873167928679875916764554996145522928
7666888,46893623676654129953534174784620918240056691545713588615032140710927808357656
8888881,46959748581415295760531549416717806904598234693971499817442152832085371133415
1222111,47003114755955165797272948998482133853661857818569117356724060877815089226081
6111111,47048778988314144896061887189335988616144475221202626279941639498428203252521
6666666,47082652370771573031661270012604215726315606175091563622450640606981283795019
5555559,47144045950127767385179955950026956926260186780996863378863929278054569576580
3336667,47178379017912549513590506389691519110288783052215959971289928858115417902089
7777777,47216802926491103262551014171349949340911507278565771897646874139241711362083
3337771,47352288983132958221620984318129607163135544219059546234028061655152093020930
8882227,47362479177780316123248326260260989459819735059424227218431871625401532607843
3666111,47382396883706509392153897258753614656784302740747008880870293921863160099612
8666111,4757230612341223778932627544407449838153788847357172551769023003798657000641
7773331,47624292025788958278115399865314885259873011900619698558876528171381248103935
5556667,47691934343201344477943198703122521135839369510852895342320476399337267725066
5557771,47715066477301313834671358956855939829764383912802038115327011818847439549700
6665558,47740416441900842195136122998580279810145246357571711051513642815393031686313
8333888,47775011044406932662674263606600784717185696468265879891938265918824554732237
3666666,47824177521874795478784871366723867528202827488307138812266550364066862712260
6888222,48061746796144400425604335555326591530385626437798841581117378895297377414850
8882229,4836277494378159665864079830023884667724126847347324356761241699892407852640
9333222,48531748297532567669812994466903689730642847835900345476466362243071026037218
5777666,4856092676135396483106499394899522595688633364767758008749480254947416212013
2999111,48575683956240212873555535030135004436121828401873955464575207389480466491032
7111222,48668905378633698948649205378561169757215985664270043236154153571138963417228
9995553,48767534770326097871353884283613350069548732932070289418653868082080230982440
2221111,48914645446620386715143047804372171137521873344166071282341003914176240616369
6888666,48943245976077493774941257439102309680308787637349139277623740640333417998570
8882222,48949182512321104518518329693496670627789000680996285677456483359887846199422
3332226,49014242721211277704470657325320204639727467463018537152292822777328484146423
3332222,49046776142484482556316254796443953363165479643230597546534468719402210384536
9996666,49499868256094356496549836843431349733694276167980843621302636756407834771732
1888555,49878210847463252788514926616842995214651576306156341751099710870218317368007
2228887,49947008884118888911537959214150369659165111887801415734863158123706609301784
5777222,50068997005913303442883742451458767748881757941390194719167136266827855706037
5552227,50106643028668080979257762550706686771006854301852658601204349295186807423922
7777999,50172605089964307020513137084203727971390061627443723824159022632975374302613
7999666,50239207182270188254740237133656897774152835913183925752624392837738014255566
9666222,50379707477848772575422352953279747736717435816972951903194109525491311080456
6665559,50389342564071934230005989045486664731631927216107735579049251249175767070762
1112225,50418161761317582066443945365115945363920099978568766137087339068326990616174
3331119,50443899790203451428203621596708399343460305204553916055893677968573440427095
8888333,50477459448052910653655658093329184943534475218818314088293578687772149751315
2999333,50556074865377927051184240823586378693394881304665770883873502643900136734701
2222226,51321466557513269151670928400136534793761389794564891323223793423445389308391
1118886,51344410330447624029973907171380927410998454073225985177341200738665991526914
5999777,51436694739753518030953807166954895516003596152977057911949121541061615977808
5999555,51550496101376346068988507599269948553077508002646759177679279282575183293265
9555888,52004854974509062664657837527100497891784274553520517641377099839074697107101
7773335,52007995174553989509647011925239373215809094551942038334357540901866969410768
9997771,52208289375839532687350062463217599898163533415984940337692837440751233139024
2228889,52297341345611096454368470714448439377724928091600063605213000189748277584469
2666111,5235914443065392444827704036360094505636109975791396104028894822144324167913
6663338,52384106860523047594040587495251432263888456259258547351990358315040913073979
5999999,52393143073253512192205664411031411721876833108699652633115993317541481248785
3337775,52520476281784398811414373670709715273966018399360081272916512477571255227795
5333999,5257601638560360881938884336558334090466693762438460835741156159140788494092
1555111,52605531894920700834099595122517795436294616396126276246762529231976564909075
1117776,52911386935477101377102102574002542064565128298634046668084549763903261110277
5999888,53396348009855434457526235274115169529475676586640121296987944195180817856503
7772226,53423440012798084297064018857672152143289933808309553006547061113065731266878
3999555,5386352351233878310168090145890808006218081724402888786837147536120711754267
7777775,53956572124174754287762703550609223446303156184389090624729957237289030458724
9666666,54031954916286819190918625961513787405186991635146588362702767451962372466157
3338885,54068147889009869646440117676245416952999758160291089115723192108035977723551
5556668,54292144751695541208112962745946281070074564206860317195140817561817966997023
3222111,54399099774705625327408129213080751899375285248820851261354930310854876882610
7333999,54532948411287383538954539242010287172556787261763616324760109944088766184368
5558888,54783495507157232587334544648518583479333604102493864525905460754942367316844
8886669,54808558642047448734203989353605588855970675397666961473844228791484589733442
2777888,54947381671637192549569056962964136570810622814767292211028271645373182479968
8777777,55167887818516414719695160376346735311807614054364550045219958304416955077715
8885557,55352980992710232301390023125152516222427131654888570634638022220589370829009
2555777,55678921970073006875410291783251642262095280846401466261233620524807767457729
9995551,56043432064550984947814801535666697345989835947468487415154295603294439409548
1117777,56112059625506251695786040566643584158962663545187561944145701480233222269270
3666999,56231554774281174617676714545466517870802578655968522470509382454245632852687
8883336,56233281922025448696347677078444332447753013665114099435729990985162424441489
2111333,56594322825151994067347848322635457310518221702634926916166065379197872298662
3333337,56661168453523933832236697278862335613576273761694512144208330175277328260877
8883335,56764571139426933932348603187072658535906388744066868580234041749763271865378
8111222,56827450230740238609540989958658666274505330468256890544523084139640516079725
6999777,56943230133299159855714299371628789411247366491699531166198490129084300680711
5552222,57209366631533339703692094330680094794022366525928755787072479814324427327421
8887777,57230177257103306399976231380850488065173570737579998227057901628221988030411
8882228,57354057124952860801549608884268828623857052601535081845030104340101242783576
9995558,57390600147203366973331836740184635143715215894692361883475699028925536263309
8887773,57430702473361717229490352963781677848757418852290500774329043548615776173358
7779995,57943494589214088141613861766339527468696373320240935260545548347935792933530
7888333,58069151190252507260797248781487638388552070332983926221336404822976348253598
1111999,58203805444079424866201397270424119781404690175512736429905318273908770341963
3337773,58232867583567255560494962880566055640636540141078083767535914398431392831626
8777666,58295113707065569786089181496423582066333574395678683694807105377566408734159
7666555,58316370236191257088783910952214502320726585112333505082581988097497385549712
3331117,58492856368621763227782478064668113588891860451002676692111579992628185097908
9999888,58575601853781162269241520340800673853385823368303775626249215710698845100849
6669997,586729396822474274057310569919624824022651628483283668736443728743743066489
9998887,5868011737576383820926864653747331996407546342864908706272796537817959899562
8555888,58995259432869563859469758675937929252706211797910653279383942355295936493365
9999666,590626159998224683913257246347812532766420430588978251681372930864915621648
3339993,59096100621631452276748047817603646608730312187152507232288908476187251154079
7666333,59110137844860929732715108432248685264000218515686829378447888057794037211864
5222111,5911168360281556767560601249462678416458234682893041167761574650203376310082
5777555,59165875588668511563803469156918066709890314278896945474208269493442375667506
8882225,59234272497506980138908983024513410047416067022564823966742498416994856678617
9999997,59327586134805509947568345531397982019001034012922855155905155649645948512795
3335556,59410483561119220343277172530424347136739600508710011252280504479445173026989
2333777,59526320435599789929863782599974640252977967031574486646653985855954230820945
1555666,59544832257065343608455540996915526177369331997974622671496354700610700525907
1777777,59574384861282007190684298931346491325640342143075835584149791150990732251372
3888999,59613585245272801989292477505355349703280510631786839324454659249456939215463
5555333,59653006836578986106373935448539415650157315046283370069273865347452302195430
6666668,6016757388342740087884520288940203681293301990122737142835279632145317454479
2225552,60794819273599412032632644966923375861182271160005360881237540331338469231255
5555555,60797811164325670189647405794137337771025708245599381866975796707676347080808
2221118,60894163894237440512449048819888678147783537373325263759147156790787499422324
8883331,60928766614344514873928221451842909329084307263169863791264424281340267337358
7333222,61089934427443999304552417446771421270240340210297736109549818671969023401287
5555558,61184870151477569373950092284588486291286830901337403225813661295628338446161
3777555,61303954724919529195027296637740776413816895565061845078643047050492210023239
2555999,61405217944904379310087974082185377870419721451334413082938322530484541979854
7666666,61418129949482252478450063775390458515412818614152945998079368168606376959046
7773339,61426865324040833735712217182996553587864445313841248867597663847364041153821
1112228,61508212815803739114928145761541930634067096179769139602598072077462422438891
8222555,61821427093468152535360828852130679759756317537574627167202205508270506970816
2226663,61896677592209327725980056597703746951996055460739051211745987323900873391523
9555777,61924564067262285571923102318249705441644129397787846152026895328834842230190
9998883,62071798182389219386783721495589254801712837160250881348415128817672639007998
8887776,62139090818167113319481094526952094868233078917943915656820687923928027437239
3777333,62245498653264066382274341783851190764986964456424031498977698068633713556598
2221116,6226740107434565672445905427176957161114097040538496261887196260373587342750
7222999,622787568539153088342806067145418051147093059143740350057272677757677001844
5559998,62446430528453541549955344209940700339849069943563019886403719918195919600552
2225555,62519193955414458903199664794258527508201902952869206767674701066888594961746
6666663,62534259953615679913255324605164660871983299953028934294560510051709461147793
1555777,62586929241434227376402717553195166799214025357931320418019520407583247498376
6665557,62745180797104364475339247577150855304273426803816489622887972674190096175631
6333111,62810883766558438181610047474192495861434226458006619338129336108025485423036
9996665,62918069963303578141103094367746545323028263135897329608347637367935552502832
3332221,62925681243151414726966073371072909642312344221780242693734067012170191672037
9888666,63057826404980233641958824961660128698052031582079486796639624743037832613165
3111999,63188489387132421533468459924392752808751902035116808816178297769900849572468
6888111,63240013368784207111135073462641721008755296679125125060600432746457111784050
3999111,63277824305695585946730053928094818570189358894320448720066874596528549588658
7778888,63309611377360066411686591191266537467733469506144069028748349071385046234618
5555553,63376272589386589794341487474093256419983823200502652553171359086090894661780
1666222,6340538460650200577875363304535361906065333207362702224846919466762297587647
2225559,63413412288353612121565532437745047757039477601098916971037400509552692082295
8777222,63561594573569728555771164763768564760243954944098136876221616327384295264756
1333999,63623430780606158666061608045432938986282661312769481711487654069422753245170
3335558,63650405931119291559869845869092371320060018535113839630359226694377080788714
6999111,63723538514301475334134137229240324744140017943340368036208817419654860190094
9992229,63803973943889174292518384989447708994589896506815493812215315903877774887265
9999992,63832687904099930581133498466733600852552493045907739284746835494668992057930
5555999,63885039531036848578749925786522138690572792642796656968224923621378189123847
8883337,64063027534443707718969384535362830362086918688336833075042979160702828944658
1555888,64150629367560647714392081663090621623356772137848715765750114645888867572442
7771118,64152938229843719835393558452933134946581786974171999583540181127243961291175
7888999,6417013415420321439103736223798495691247586992617201819454513577773159279166
1111666,64196625637418927586168277843066991711128195801233400040031674683215148132989
6665551,6428142268673766504291951014275300685434314912011807994054087244668048271720
6555555,64482573446131125458185149652246727596598017789311300240592106317816826538595
6661119,64669440103569474892661839723090463523194770805104559553927876661492577246904
2999777,64741659255770773012378953916174829964449509904074545531620506409302589371448
3111333,64782189593099077497226931939952650721368602331775467874135837147089727076823
1333555,6500481590812688775590569325874861764147383477502871270189781471634348385372
7779998,65097671441467236829314178081880550678688961970881067760408234590151838302038
9999333,6512484861060581046393539214851255544225773335107009756487620319301851862648
8889992,65218938103664392512648510087817519108689403735592193335142180190432076886020
6777222,65297040292478526891096253201263151548010349424375655636517420909577774759699
3331115,65374519838744754777874403610436740693635983028131134440800437306369882196191
5666333,65664007912111085737140224263505017902710427064295647802505075349050372947558
1222666,65752306840587487959437103987877495459015656027181555690005673837092163481204
9999998,65830842657649966624914562553853529013512193202778766788598072649787774858228
5559992,66052161813244583234066301177148389187544655586200372967234179875042287410828
1666666,66222368521078367778124674367165836401562910139893867215935626916746756235018
5222555,66236813149853583495903423207584121922262294262143129512799374061578584879817
7777773,66282772634908080440246164708779971891392227500697019749462425909254241109558
5559997,6643804219617086267800344364390477093811815765388549576560644774115458671090
5555557,66636536068122963940564176101638190271075046319080629976620698595797662617768
8885552,66851038043018168933372681794801195775324127486585635835309565549075754463111
2221119,66889779141709581062909387581527272508222471841689645867280562040817329469913
,67218196154760107838391458987598886150448635009422723236405182134900739179324
7555999,67234223996539546614536293966196914331493718121862391488327975814997301232905
1666888,67281291085627094051374526830707994211040375967738016343735924842436123841005
8333777,67425848822971848533904375425065898827977713356396101365506169539277641969810
5111999,67650270493105892590276309835352115204863741081159882489038341689529393093467
6666888,67959655176107854277143298411524016285383303911869475478315655113215668135313
7776667,67969971913948111156838779879033501912059886720830526850140863940411054528750
5559999,68355195933132025175895497790182958558021382528200059081953723932240051381174
6669995,68426154750026630892161719746591125046814449740173395891304050849743250515266
9111555,68445663635782566874758707955317524445234176670449310116542342266629013391062
1119997,68606412320073352629835893367681416271474388579316220923939117898971088632313
6111222,68617513242360510449876117718381763255448392911693731582294123501529855180255
1116662,6863072702789137712225645526758380031777033361229652846158217099267207954647
1222888,68664792767587739881767343142948553814062354429549094874839722478908860935208
5551112,68770446915463566979793420307253168955898600064691832657437600063262183741003
8666666,68786039718691755344145619640051548964290464051292038415169236554244326438819
5553335,6881187542033286341303653950093491607247670866243589925388391112823307003158
9996668,68821572942335752785313576271589590320068386520161830631418135506019115770539
5111333,68953517959090890179155878139106613026568953646869052895960226243973430841853
8885553,6897970060776413773996498188496524437722406355326968872318942528774201612157
7773332,69121217012960428199753989495130862312349974650165234478109620617787198981996
3333777,69162510294328803428706790210843512145935282181051678411654967791404663269591
1111116,69240002704437719183878081498824211598532743884169941053344275836273941260289
7771119,69490537951364440019392818869223361530760362504504713184414494237304009250976
7775553,69543362085800448092221996146289019699486808972595074252184336378640344583177
8886667,69627742095615199328732140044812669990731634399551992925211160901894936699642
5555888,69693403032475388133201620375054252199300619325446981916013762658083495412067
1118882,69759327433353208301868563345305467833026439310978451319716141754485912498782
1119992,69789476002579650121845176252373903372292254169173669568840862069379023805114
6666777,69995705944238777569787194543688390285542184721158952931084928778923987432770
1118883,70054372702258015198063661062028132012946885083238160113746043179966559687587
2333666,70152673391643601686597191973829794858894329831235060407313588448323872550440
5111666,70227323199364750152775451748761405094218010405094290330445625482995884689145
9996661,70524776057636490623878615926988317633206472038159374166816416215686076217874
3888666,70556946737422117998304205885985005799384691290662367190779319844420875635082
2225558,70579431095916026579570976865243842942172371821876866134324389889489991588746
6667777,70620739816372512430639375624164068723998602280208799306222372434288740507574
8555555,70869422910875770950784875163819885258350226994161749458643533093386386250172
9222888,71270165730698176459262271212194018133002111769366731297385854995321111777039
1116666,71286495400611255056072451939601217316696253372529793098305648439685432864031
3555555,71292837197322710295779270805488320041005473924489800844239009123928486680230
3777222,71393588595277401521995211832707156523902919668715604505993164514986352913225
1333777,7144642202110498313647809951445178868166205174786638837585379030718887955933
7777776,71543100242128677649174248963524744232503725887509874251119004378778279740648
9996669,71543325975097916959159351786425186751526228920925426541519349207703010766358
1222222,71624637179174918969801975633523775028640591434959538380760548794993343067442
1111777,71788169383561474043510929902967669229179736083267786271523671037978317630904
5556662,71938596282976512576982162498132852333100860798510778260948761450713480947631
9997777,7197163533100443708882780906924190612563340813832490950510343703730503347311
5333111,7213103212769204240528442208547487028757233508101281395994781997491255767253
1115551,72260739529292623922496874124465375820748348359706404922613569192740366603912
7772223,72284688533842194611828938453182740218375257028254670763226018753286354365690
6999888,7232888144405821034231976714564023339118405760721670846261456421740313628023
5551119,72473835733525545329492339540431086326852301340110588018126258343602203039810
5559995,72551088678334600476425090711242578472669247821956381538900942189798608474137
6222999,72684579100480699475552411783308170070319678585451197459397158036209473244500
7775552,72791293800685530368763350121035282070738986872088557122312996665796300534838
6661116,72884828460765762293363721606722745324510222092215374060674867513374671611102
9777666,72985673159013464857797870085671520931620122903192835060702044960255027776792
7773337,73376755867302527445714848157314602813051134692589681809559209074130014313849
3331112,73384895513305882595032613007148276594665771271992241578064657160661673746104
3222555,73475994433478594894067606317370590680203780489899269910165430083582249072990
7778887,73569587495833473878170335438097831831849658556319095799370136067432658915998
8222111,73678978416640572387271449549929905644631981700157848152128415524519283405727
5777333,73831361175412779505819090644557111952985673466252273821266301574095923911440
2222229,73895319801298661093808562760695233773546201606028220294721737128716516951850
1666777,74115100094445163841410715344898843375710107050226465694740223410163811960189
1113333,74288282070766747659008044019153045869680050891272490019714655064515385385074
6666667,7432230007515852056760200309717571312530829813918837094234010752582655143956
3555333,74369582585460023665594656059269484637021313310818494807763725610475218074079
7333888,74372556568565304136114215120214753514024602711066472611649361873657309834508
7775557,74433615607897784947225505307729997345709358119528598380880883206302721063896
5559991,74498688492658183325634659763973382779749805053166173935285792765861487224814
1112221,74576182803543002838063633373133610252317908174595957941497407345602894239486
2223338,74651343095750740103868435975543070198826824440131234546968295430554980170461
5557778,74657572019824639005256136631196577532274952769405042761503940741551756281549
1118888,74692807622379724592091559946497640250272737897729044624366782022099207477181
2226667,74835813299439516523859624031457364085959936853421608075515567446940279247587
9991115,74926355134392391475594899910685444831004777179159652959637189121264426466915
3331111,75132543717317565757372811914069944060499640371845785443597425529160354205947
8999888,75238072633753500891003475395707286663590229924417445159150019389471758892404
7333777,75256800393082968146273984642030643810465888245932208801329238907716386094624
7111999,75263807611079136035369918732180976366275380718239773200748134492373383311371
7776665,7534982448706791009394823792968001756210051804217671658935218116832740692077
7778881,75577039732270156887882996688758811732098565144018903292215317681539407343524
,75750923416631462919917715523738632034634261611866563345812295481089089526709
9222777,75844965285500678500004821215789144923091265415021530790642501394376439336167
1116668,75870447105254600021022697293513967559395539171814440722933678989348393311615
3333339,75892859300817888777368818616873762177978235058530009780025336359523434115203
2225556,75892980288276476226377815330454570039746180396324091551243823857742512586388
5556669,75998439372316588549018561506720110229265816060308261886654889116700167242313
6663333,76031422315981415133202652259602147838303593029656282263100367794865803794488
5666888,76181247132318299246176985882158403484163326937852306310682729281523824053245
6663336,76219121870660978051916374767015279196258952278653177982190059576196893502500
,76462708858639414894163464119692741818745938117728028530834073802946737013265
8111999,76487966444972678675567348443582608420982536336742545188456428253632629492621
9998882,76858696503729525178059572521412187737627036400448750932479495844971102246441
5222888,76877956284650999018092070067052400883703497090723941510473351798780494809624
8886661,76881198533940973083509727319225220313221944745483892534934364577725623358121
1115553,769206099535338676304200062878547280785634043450856796938540581064156471439
3333332,77002740431960017850654352377265836138430799896215932891394366109429738241491
2111222,77039387644522963341240699011475597168886166504969691160342628929972878021285
1115556,77298887145559647890261560013957674910242941442543050601122044277598016135566
6668888,7733685437419856479350371396392531964787041787416549510671517603050562356274
2777666,77340882505883360721227578424686218669428498721509540260536816937886517166385
9777555,77917143971298422015599919512592567843312107829071611201201302050020681319777
9666555,78144995193983935241566540838423513911832958738340982519193770094831698110203
5553339,78246899585316576401384665461631431628703966332433500519219116337772944045428
2222555,78363526719708319968584795450825901122062311820816647139418142626802562336098
6665553,7858420922641537108380038063560548891749368773631844453955934447254068990080
8883333,7866923633862685839678527634645348785003019749977490468510807250029329086822
6777777,78691096222733791295053117974313895442777835242522241057711354931700560137365
8888887,78897039929787826213083095704990056902931655493820841083438699719776977725255
2229993,78951049942207773842309761940874162604363093478931212535270121992563974411211
9111333,7897428981526761466791823954507854354925310397732054976558517799764211340219
6333555,79176259289816907737593942784917071862415131107684192867233070494268154292544
6667778,7929606567256409199453547888196247405625250498201436354362535641856935371389
5111888,79305401114309672708977444071590777153068287036650983056754302187565020860140
9666999,79349038292144219571256683058066861378206755271845459553070043095882903823300
1112223,79394585603540667458169581292728719839241360349518977525697340984424146074102
1111333,79403889798510890601373805751466545694617727269128066185589904917353326868192
6666669,79556796820556183982161357457111059695877784984143679169541505589512695938150
8887779,79660088538855811370568432294402533938557101137964021118438338514921856845297
5666999,79745528483830448841655868428348835778367982365820455486557182100054468472464
8333111,79761691701193780930989984140651296067141417257206517354517875840071596872782
2999666,79992466196454042175115383687871604297653287399382028267173519599593426688746
5777111,80002791248882128527272246065589667031955321126949450781276430398193972610368
6661113,80169196253966335021766241686705459466767597182362922002303700926328629675586
3555777,80765557517492609298248839890618910321120053146268568288389042718218932671138
9111111,80834840730156908503388331455741916438048584309609780443633550003422849652098
9777333,80979227779329412605525923440677107016267485695923315403693695875302663205671
7888666,80988276341665988945774191281288028812521243926479994572734879709215862242067
5111555,81091583454267279845939746481146765614681964575193106546384293214552035184420
3111666,8111565646520247403372415784992254574106867332393314311885356518188310582831
5111222,81122226554167591225715114620902757111173687518329135906027802147197895734283
2223332,81147881658588670729478618845119484348663493916737577564037976315644017950922
2111666,81661409050107506576797764291345145629994916969328946529015711226917590122528
5556663,81670441896210600124958172098014718851008209208506742204404969478122495203129
3111777,81978367780211463380860123277653033384411897600636244489704322775585934663451
3888555,82085495199437892111026613832435469848515364591556287958040311965070429653134
9888888,82208634579935001134388647205963734880216701837322197128415853261144262212716
5999666,82271875921204046804155218502538527708253693859377976467060586462713430383680
2222222,82432580366323062020005594331620707608323942827895587101365871191334877497742
5552226,82433471195589525099324865181737739149576550221617814063538038977638603283898
1119995,82527296522045411797057617381631812304832940607930460986374288623046759999299
8999111,82894985589242976359778721402612247888665052601767835922914348874289162485634
3337772,82948582619688827035364556661026040337448952114680362643197090012637519014943
6555888,83018505501486002173179078043827532731026262348217165833149766650706862867861
7999111,83453582429895834998826763817825087065610334269601323617941063104965761142329
3339998,83545737307562859461820878410004291848180595595961643966019052783523120598664
2223336,83653381354966360533964829364646721597339077769031745666060691242697057654808
8881119,83812916030495361545925987104005962001274474822992450399101382660079648217761
6222555,83837037344717994570405334388878291060942176464914697216995491782575277426207
6667771,8404946676154295326822893474657730997874757941599916421108796014498958386158
9997779,84211439959697632498565408036156584184039575741155255508140453349165795399785
6669999,84236344250391345066986444907727484197408426226083389468953712315713810287513
3888888,8426997121983248597054710650401002626208457814047736469632750504737110935588
3222888,84322765298964156170346838854146170782621997631653104385360475987049706802770
3333335,84445987493905872427920385497078797186167761872803656888503521193671136239602
2228885,84544643869656545027439129499628768822300319353224585480198953879025153469640
8882226,84588172670621335206854259936115446648095643769146298462522627750109272636869
1222999,84622821027466399875582911454079892965139340984511529594889969149349860819495
7555555,84693783427242104520362123752893595656073244659253430742896229921378508076152
2888777,84785807357687787499659253092665539685706694212241243664731632941512217076568
8889991,84802477900707051956047015137287487006038874687664098642447421207211386673481
1999555,84970091676193000895605337822168171222816763268605295304368422317897730188699
7999888,8506286867924727083856371921594747937188203418759626282983811817805792461864
1117775,85084235107857320290079213925315675772801261319117562638701068514497877265364
7111888,85139164754885440043472066023711869487989264663175811490515262581400561764368
2777555,8539037635107917687992186159212578333439802139145101922085718353375474655716
1777333,85517944725814322712984935148770431362834244441151839567938908073696895560388
3336669,85577811004334674380270922064891386376475241996483761843362280862219302309146
6663331,85827690913308001575849267862313453051177088739572267268674148085798013021483
6669996,85913445062029170232368611005337322699101579904614138537945755175454674002559
1111111,85991607781158083679061400499643638811902232288094015684463765451519449484981
2333222,86020530395831226352849560612111791534501847090569407672100798344549544457142
5666777,86157717861129735234671349125506445337683086785778874805367166210178558064781
3333111,86322938764404151549476281798815876527875668550249834639158197995721738153482
1666999,86349600191442336283607086993038664719833006638959535086852942896715937009301
1119996,86421571093266593955925878187915929969982606497378627308585656351367723463021
9888555,86540692080857923048369410969512416662921541484343048131996029144076988917583
7333666,86699274684053810344849263491957693924977835605752383151436448222165654207645
9993337,86907726419855871794802277541151759875517885616681197123532546832919684643006
6333222,87045472894353114684114097573387001995317275735465714351807609913658638046237
3555222,87118015360144455909599082446754857662599140222122130713072858994001013308633
6333333,87177203792049976263149620629741939058869760572870768757465260635413032151923
6222111,87398155911791445018110663434480546326753757959509198198375901221807965687860
8889998,8740308242250102817425919991283452818582754587175872284349901378356116538223
7222111,87672130454701356722872333461575317217631283197584025778633683877166397227525
3337779,87697622124646338860946213211443794840825791062550825970493706759557533990287
7888777,87833249038018227790403132496975199735149746452341595903830530596995730289566
5777888,87964862615265171938859674308197581607725334098558480099624109427946782689080
5552229,88052750006845508012087723368557871713950316635167956024601475169574330739645
2229999,8805895520610363496401776837632779252950515168839773361681628179574062424879
1119999,8810543026994942359246466042760247314770473561020800935163236770912602763885
5888222,88158692379880273604225293529952771228787942291984274090856688997630139864221
8666333,88206660805806349691720333941530057483923914463172717429704102273314491243271
7771116,88257080388563863748677256489921929723324632468444417428959042717657973210408
7888888,88332238030622907543378117801251001809997268657636005498479725609802276250670
8555333,88355270705795242476530677239903242554602730915086137775032504974342558979635
6777666,88453133091471660940647226343170353659766391977708829567958757420796760143891
2221117,88454849444029640598304641104748158140034728954423731835376399743623214716515
3332228,8853696346212842676117791110783152643074430086481933081668625634321565485543
8888222,88540416141152668405159281891551038380160230629569701509289122340469248570371
2222333,88555907919749109725699925739765066190050298017772795728479540086773889962787
6555999,88824283811498175567675530034480380908626501070427145057554602098169959524290
3335553,88875973567371941825738815222535947760213505341704736382963303431049098632081
5557775,89093365588243834823734690687374850984675219564585709860522665722811541461639
3111111,89150800491952462973332870794366936909368042398471301764944908777303931375276
7777555,89168730355901757844088600742249953742150591207320319693095220201975919096527
5333222,89227215022781209043021959921462529982793309926578596154748488063111587118456
9333777,89229309747176745520696122687317463678512501658657401155254078312027068688206
7777666,89399717852772214049528672875117933528861125065458992884664563432931234960246
8881118,89756685029491690895444864471310953819509387174363737698029431075071894832884
2333888,89923813095483513295176002396097671058415898378167870612211033323457624996732
9999991,89963138467080524246078378421017961310694573910280519340691432908773308082864
8999999,8997667724504733334051583333416312949614893590620955582432531140462321064925
9999777,90069179152047302831898219943045896614626726639168085416953753853424044970694
3666222,90474488779246891260142766240725935450114725751480672395503982302832753216695
6663337,9059082736928348154750344099644777216064944211279907315337942783172872311817
6666999,90682377210885804419407850670530034815791315839609438822796261321154691777547
1112222,90722625604458746327896788249059303423070552828341372224780450478144437091917
9999555,9075472132769239808626129821025941771154398483575810362986764219410671715843
1333222,90802439276943985832349316588725128466803866511594973891681597233646374775378
8885556,90914540176523319536646209601163471988107081766934493282241299918890467765429
1117771,91125053616590469814610491390023182442673469758972263584883022197503963834617
9997778,91202684342000492802135504240580772032683623731233965538288323157001306111965
5666555,91214262969954763456303866936516981455646374236385449074236942422775973774477
7775559,91224258837010053066123176662226211072416728275292665101730162967049361039657
2226669,91281895326952513710605997718614159837035108878591101523201652736921790003332
1999222,91378003545558688782872396047246815937536210361467243317652232267552911773386
5888555,91520076221318437866006668205318322185492327055042901281502874072497648198845
7222888,91610326154322422657268801095368322358333613487468875316947875555180053463652
1112227,91807546060259105773706217420689176155406956959229769592768453586190296721519
3335559,92032580506137169800362665948051972442739975612880711616496507550490790401024
6222333,9206324342865572650218082737813874947605954423535051425333658428294449760308
2221115,92106000542574317004391901332155564238387854125239043801571135887307918625285
5222222,92183373319246782511724881793145817117985899486537930355076839199104227911747
3337776,92339756744123293907152408289374678830759734130155718418678285143860903625045
6555222,92422940806175970099794908262959060530771574546245269140588381923120966547693
6222666,92457907516894292390793689667774027512257660760210013608917874650471357717571
2777333,92511920593829289081461051480368808443103339120580523274425150013923715028987
6662221,92520857445959371856500883846408570402229088585158424517946006725123703260284
2226661,92562827464333242191277805444565336291362448054613253316878794419904885670575
8111111,93000509051260638169270333375885136900531649779712158210598189621276248607106
2221113,93048279272589072451615995819307418177357670957016211205366467638103335630050
5999333,93353564847822778735586869553021389524475515308821173956515084567817068109194
9222555,93590931932093715631323528980194683744735516917772989450307502250386498080835
6668886,93645293896173115320966479567093503080516542955664799646112126372078025994775
5333333,93697348171129664337105949620875120441877369004582331072328591795229820756290
2227775,93785590955862634382115431587515531360663584133314382123636915213360201265932
6661118,93821325653144936526348037160902332808242398075082482172938550218689122301747
7111555,93852483079754670563524654404294458803475689064128476589929836628757700134758
8888111,93855891142167996825331285053529157880196606536811640745434640073449116401159
9333999,9398878179037020562970563827385800332413053114780777974900813892278711357524
3999999,93999252485238742613716582721351084771702160271628580305862905915314414711703
3338889,94029809543692076710459605510663593371323258777899024502724672427263982268273
2888111,94070088667830828756037767414814834199350738114668444789817278861596281983641
1115559,94074437335609339125826292126071842054263772133800640312077878401481935109267
1888888,94078011327789777885922093194181546425887160944388955064195004391804795733716
9995557,94104444885358133230449727957394060717986272741469192489660427694403569758583
7772221,94139747864198945319784423148839791069072090545877357464326057990317488904055
5888888,94179184899904427299258635183334174641074826188468314126042672558619247840723
3336663,94399329404895951117781044567166713415985908540269723916738576369198412254110
9111222,94428084732723932728965211054105763524711707972580596743069211785471905669268
3111888,94438795180287417675629699746938367945496767011465968462107098749634207070815
2111999,94506227149373654358931571689407521509523969196726681166132921857090047884046
5552221,94627168559832080880352449162679166938236065610281653867167306817688377079488
9888777,94750704430415034247512930540833680632632902649866827642205394534007280247674
7776666,9476118953235774011074679566140952966793650412362866739477217876133936870919
3331118,95258581413219541312838956837920246098898535180828538331059019585167111834962
3999666,95588462548761148337196712719495285724652285427620534408077302814834975903037
8222888,95628680878861849082627215918830775959628080580080044808420379309042415347978
3338881,95704663679038623083177106930382729876274971167520758920321176353301790620599
7111333,95763648818692670769240666082769065315094635393778127801636547126762119866335
6666662,95818969502057978284066793254660842261796853495630200769093696623259389844109
1115555,96145406210974736166463567137367260457463686307002455934077034768966625124544
3338887,96364777144717309655722501927734973810852594415520056645524565745168295380174
2227772,96693401167807452666985304351605992279734618986141185460670466841111042104665
6661112,9673500628188734116399318642899536951292291878021981690056109604900891665055
5222666,96762363697673543770470565013956487805017305405035749849159779740625879678500
8888885,96795658993036721553999990204450494490052148968760298615230662200230511146093
5551115,97140838809564777746512006392060052208514484868655495616082840259234801170127
9992225,97392903487448747664355251800848625348434967097512978913250499261200720079452
6888333,97846648481497902125660599416686405170261788472686623018316317215300936441188
8222222,98033813186915344294161158364050356751427069140136670735211018437514366127162
7779993,98061070476176655816458172583114478880290052974347642005377596808919691833347
8999555,98073944767768647407506340266345723322228031207530577388625198782975584428307
5553331,98190575999691249177289181262292907963001101299408195068450846244653527233812
8887771,9819766153378268819459561723556111770166729576396737357091949482726038341292
3666555,98233164482291057395296764167870606760290284991967600427296976995831515292668
2777999,9832772277855312646563249786337505589597741103050252621038466864166574118602
8885555,98361850197354778476465957889964405415017557530585872664094225611750897117474
2666555,98415291541096968193891974569265175952649973351120524832038246143186997502959
6777333,98467793020514708598396181856118683975492607173271279466301852277671148872158
9992228,98497393215238668189175123820452446583671723632231604221532249161810289806545
1118881,98506485675714545356155699404300979715578595442162437225007718986085037612431
2229997,98570722144735285831163425310336837597922731398093889662430320654835853809541
7773336,98589533792406559844581574554643662993974294091928891329848748761155098990786
6668881,98978366233732616199499384929229142409932421112744297997691727925528982482763
8887775,99016568913687058644934597269809478872133229770742387862983669553321189980401
5551117,99088023544482351395045731731980007049092459959969061633699640485933131276222
6111777,99119310876627159568179748098963697024649328525729136710687025278830235215325
7771115,99121499741163861985164513612114646528274576589297583777111962364179765894434
5666111,99223793212148749065749210490486246998825272131732237188021328320966992065591
8885559,99225595396176110734498076873548591177889263617655012188897232853200603710796
2226665,99437603175227285391203784156899933706011543023058293594198193324013148914957
5552228,99482356145512331125608911223459406441810377134951081355256842963937824628590
2227773,9953676669469990113687154706281798465836818322914476347523761147594649142531
2777111,99551617927402421249284223808233032357691204784740667812452654735313130031273
6222777,99552506788206665485020560443362562858069594776322975177514042637376998638293
8777333,99739249337593752366633475123967220977778520375286173597814157325646993461929
2228881,99746078820215768642359168893475256251425443145250889565467658375330013707379
1112229,99832366905290035700196667004575214395812989286845555032475536489858203496661
1333333,999369094354496543075158419060400811499498349789352856710055766060467448590