௦௦௦,96300873965089374672321788044621088712266140161059176240610435031056389595193
௦௦௧,2764625590878742171829884593781617951694043523590011225652797680668034832534
௦௦௨,19927390821108759087853641860742354996623979294432861187422037792134402310068
௦௦௩,77116611549783896675667195906236032020418244826628536063017338183643782199773
௦௦௪,57119823338666273032152160011063827548085310290432516147449738038242355316856
௦௦௫,95251532381726857405991800417675196917307188406692682090500541743620641941983
௦௦௬,25275842923566465353398359494468412032930108710847628973449559298007311916005
௦௦௭,75835890119787738762592333950337585091578871402858196629022286364738716280278
௦௦௮,52221558337056201969508447630699986230606510117738283814576518921816403752315
௦௦௯,27603508494857521940408183822515983768709492012928111035491943645583171111799
௦௦௰,61819943341444562133754717577614139054709746363081506869929770646119291056179
௦௰௧,44858664017017425714486848359859998453559884599889218009540722545232905761785
௦௰௨,74173390443212824273187213099794238209785966087858953480267868102537843884001
௦௰௩,86220287656209550995304731880199168077941072037589644285691008018978681880799
௦௰௪,44134809029328952014140342131807124462069974125076690337002509045788604956966
௦௰௫,23780159792100534794057563967831840739612061190215044361552009213430661568706
௦௰௬,2767650344460148005379765680174439012462186040300820762848280403022065867063
௦௰௭,101130320048030944297733738090946993148305900253997067166841468289531788255545
௦௰௮,48712587657640465508557929123419536798231122152350373279010040605157741681357
௦௰௯,68201474241537450277447146827718711529163662531715659666490091127437112905558
௦௨௰,68140090237407579978776947265390597896383745979273650191048835894588958971468
௨௰௧,25982977968931106668108285177539490822927667850643751014653018915137552776796
௨௰௨,93319586859312109488512105079886551624054572986581941886085740164894423544853
௨௰௩,68937086563465792226608810953439374150358009564981039607083479986791531995417
௨௰௪,64205758382911025841593498589261977561760580640966111254812695648376481208692
௨௰௫,4215841913773090470704677854947876049635066833036791630697785949891656644374
௨௰௬,96414696922042732814370437911891744223472269023462450271257126793135910619468
௨௰௭,11998607872569470062932257810254621178247519702215637521532563754935978281236
௨௰௮,112890068793982667389892911433926687831116137818307717934338709042431701478766
௨௰௯,73208272590710071573185188197599664998796607145205809674375390221410564090828
௦௩௰,19076933711467729608457624251937666570476788984659034292532152700504302341226
௩௰௧,80129249037133880365512075606305881515722462402982502034839569547977887996709
௩௰௨,59181748376163743952978595358039816767855400349545535848332354666362686734378
௩௰௩,100599387699246945387624406939786302635912008836146671676008801493224033778692
௩௰௪,76180057408466015470000750693300716626595485909963746049890845188309181070736
௩௰௫,113215621915382978736771674252610335230403622424062803446605505608321496789789
௩௰௬,91084234193346672024091696286993924016787506741932630905363182205656376141775
௩௰௭,48626527219356168762535880613585036679322572551667103336964308401582788758772
௩௰௮,35118565916363283844869241462260149772652489688217453854369617376998603597800
௩௰௯,55687044807738570136416226191472573639542635043763457953125765717265741410343
௦௪௰,31004622494357829179805422491552277778827943165089266574481307446022765781249
௪௰௧,34638315466680354718962569740540864909708917931897707001241917155723237338317
௪௰௨,31777364937393628520952016150942825634112364495689343624898659286136038808024
௪௰௩,32976117669490752671425524453555587427700530453416033551375378688934396209292
௪௰௪,14317433440437876856536393991468667045596253553383023297325082136097878187007
௪௰௫,91211295900992446114691742852276059309035103018590884109974821049865289529043
௪௰௬,61914600691298815325191209041341005080730697090018759344935697848205891493546
௪௰௭,15076898744848117380218754654573770892504239464576076073103557292700219894755
௪௰௮,12759491624621035580999699611895939725906846164761567424515403069289169958654
௪௰௯,16125470437473543668045605864826631502244007665786004722688237005333553049041
௦௫௰,51409351538683895593738673010464990762917189794936319784733862317308769650869
௫௰௧,88332972652962309176450211524275198228503636260797868503930193108182813862542
௫௰௨,28928221624418216753940710700015813392611218594289539748168935767821868221411
௫௰௩,74116643053773396272025027358344225655451078286796008188556863063766240495281
௫௰௪,109130284054511979251712103431507463974985027131540589634666499067785055694283
௫௰௫,69185698608752380672165879810222320146117235598060735580325818537823914012865
௫௰௬,54330906923804480112002359089283325037398420123519061836782386058969989677605
௫௰௭,70507433418446084536014420414767416123248549598573933037794089240257820267816
௫௰௮,80821079697561228134377867281986032551162677250202396092981567548787126726482
௫௰௯,43625227040739676536217498299274097032475843948614891284271183391908965269996
௦௬௰,76408555931464938443496712382975726828563659375997803053659621318292599323475
௬௰௧,73483658181835372469027985336829013867979112780855690413390317874678552499145
௬௰௨,105445174042161172725074259601626670293651646852201039797238681487718768977288
௬௰௩,102911557627326439489312017431334758388152911607071731628108105878238817023556
௬௰௪,1175463919660466865065605070328325055569022395881518472669796833690977665349
௬௰௫,105438817836707139242750131990885672462491398711773401375481195182677626600148
௬௰௬,38207347093231653111998199171867747319963312579774212862485862577527810627082
௬௰௭,88975847504671681330400207983842752084948432385201555244803109583196263974928
௬௰௮,59123696643406232283297221534916809150000137198141981317105268813485090286610
௬௰௯,30968181556907875250513463150677112996817064993615311672643196759740217804059
௦௭௰,102028906548011441760377856435014905976924122939314072818495939597982365480259
௭௰௧,115684414357279533613073675808423641865261107780142527292739074544286258698958
௭௰௨,22150863742986933000034651754621182590723128675942875292805534387521064621161
௭௰௩,8900672353416733972461697121287130357667772771390932325678037805925493465093
௭௰௪,24784222264668594454532575680756764523707292682773493120994815414959532405121
௭௰௫,41796614638446690789023865929587871939815097478262124422737043986949699355867
௭௰௬,3672054648823321382258593717670720100288178942909738531498524114174408818415
௭௰௭,96190625344040688235524190778796592527143557394879988496079605592508613385048
௭௰௮,65163196931236165446946551849158572911771542438192008314576762017915312412381
௭௰௯,93902841007998953414300405094344979847350197513965508360762521429765837055297
௦௮௰,69438023202018317660275282808424363142245401259585337795920432096619337362271
௮௰௧,63520435010163569440951216012804916456011290524861067624852585023894430558947
௮௰௨,56133208428860406256330756527788155305267282912099431970041391331501411971641
௮௰௩,9322354489935424196397115574903204907685392723960739393159595495463459231453
௮௰௪,7667857008978449341053001812318850284652596501630267025095602761880729307459
௮௰௫,86354554721212253377854399936025846164941811732466694949416763468746176240125
௮௰௬,28744867859303782614143070394469702742806445187569668259483124412131363476462
௮௰௭,21252503407236807506736824834182585529989889683315876402256298701017230453031
௮௰௮,57800827858175362747829147071525897966678079360360271364751111270924571206137
௮௰௯,4082573455766648117976845771650954227368683243656494414406401764746934906055
௦௯௰,71318765620622367020903874587117184506224723959209178451953169633348527216934
௯௰௧,106063971912153362409742716976132240623987271088346905716082661740790577218253
௯௰௨,78230732964382692885811901309124647200580846694531991673872476134634821948334
௯௰௩,43264871933838782502358967738108397287775422822779715379841945096490411226959
௯௰௪,9803398362854880798298755700150029574410920329957940049607424190684139093143
௯௰௫,46395961506223466350349391927739514781695341441495555183454288447273448513279
௯௰௬,105586805980131996849185313726788820349533572706159214498015497261989825288662
௯௰௭,14583194235424649091747102428012174589425617603196259617133162736721874788832
௯௰௮,106903955555854156769442466684476055932437003336355449913618305972977353884216
௯௰௯,70071193977467201115985709993694768052456135997669869945761722606563989940053
௦௦௱,14728428219117346074601754527487231410050039181137396980792509441200753211647
௦௱௧,906838289604013680681245852745559859413077489394937835764509569519848437836
௦௱௨,68001663115881638449396509844157662276759496936214701269379549269363881056292
௦௱௩,87377469606001354548782761649490786191318851793873988381645030471989174514909
௦௱௪,19318706969579729222809771738909720514608107442382769685237785147511651918510
௦௱௫,11771289810137637421632531702647360108466197700368899188325703824494032246619
௦௱௬,85356273067002495779368610113956501573821225002467150752296512857710990577042
௦௱௭,88241704220924407932293276544588989173771186699272830011501573784332847666293
௦௱௮,37216931900426029514063498724862479700429124234417412387161609558215975623576
௦௱௯,44382162383412035390724751877681108704100102813864807745633510187146295369196
௦௱௰,56548403950701973497431321391435972886676868135407576107390595317743993325998
௱௰௧,17853146450451526736206093292725206197200861796748234618371980787407871777185
௱௰௨,103479966706863985301969097222451129384244167309284765376538570315499413021958
௱௰௩,102121032005411265555829797329612717514368170926016724154244537185739256507014
௱௰௪,95948030031093721346283504289992443606371655023578756817256713559302987566223
௱௰௫,81676372565645154942167989699111054014091943644841172261651336764050911295439
௱௰௬,79345555295285338702830946335594344167468478819780910922593852963559270018647
௱௰௭,73717795932183884885410557359304351194760211850395047532293265330626197232139
௱௰௮,17428962076524267404900792605349778887544450891933272257518221679741534279278
௱௰௯,85048589666348485306771871092665925047177069479186044233861565313017623680496
௱௨௰,32008509409192208473480680725420091951100972078317114990131817969464630911881
௱௨௰௧,59332271243372605464024164502230268975589951327547443799905716478497725218109
௱௨௰௨,23408770867767967832101956738131645082447464643965153551152043537204674888814
௱௨௰௩,33776835631589626816811610663838201440490232282643930388157735690170756074585
௱௨௰௪,87206909615681292465106670992178902696204013058968815201542621419325593440378
௱௨௰௫,46841229726175756440857596076825299014704732250984434803988806052207455450367
௱௨௰௬,58476392205499335835332287186813441309908772367093121162280177286250065232541
௱௨௰௭,52949211655822608857167354011954108168790435065770984180601993389746794489945
௱௨௰௮,22936095287858196692794792473291137012413953260627437708102463957797960114955
௱௨௰௯,60279666720496062288725567200757466660829109431503211702839230478412086046748
௱௩௰,39062434433773925885786678698362053398547431480497993792454382052847842712643
௱௩௰௧,33373495211958897505206306102068935615942646513937158113669168993183261990737
௱௩௰௨,13597210281429183590471343670218795570111917234322996911964213073686358516228
௱௩௰௩,105452029733544426181961791689607132549631764561153043649555749149093704408092
௱௩௰௪,104432835973542302606637803413033326524916250766689444271677530275175536389391
௱௩௰௫,67625843480784033379551875822854293115696115277718915286762520231714999225938
௱௩௰௬,30260274737837976212976516553453236428470164352030590381401222229885451459126
௱௩௰௭,18286043287688658734570725565924856696150416203168562975754547847703558955359
௱௩௰௮,85921223610237418464600118515024844869987377733304295488667276349882663664302
௱௩௰௯,31706285664915038684093953095166500656776307254842726452614131563727473795613
௱௪௰,106466853309026727139164970290234855037696880110421597965029766881732696272183
௱௪௰௧,58928788844701626933881329846810763588576082085490408912653494128588289045672
௱௪௰௨,15165511485443190581281435016359029574386782356520355882295796612176912867315
௱௪௰௩,32743648949590727493113257637293709590198802394995134951210657018243013047439
௱௪௰௪,77261884104027043586013678009212859003000263323731609597783202884255219595141
௱௪௰௫,7595872297283856289707155344861359142321618580406646827469362571043149155225
௱௪௰௬,74815033373079827333949461442830767339439478388182137044207496175466332739872
௱௪௰௭,85328950127427941352379445099618872424012766282602365305130695141539937027319
௱௪௰௮,34998907129738874078527433361092868336518655794800506296873885689786696877963
௱௪௰௯,76059327363401338178336694442014083110840401048823451068570670990485688979029
௱௫௰,96090776304032509195203250016164115465596028956602765476122484852237680049293
௱௫௰௧,33745394460333440082352343106990442364696195751128152475890693520664820634146
௱௫௰௨,29012183374461351977390533847298995271962532226665117265722317519873331281041
௱௫௰௩,53165870246811223761949175012227032398644544179716317983441717505863956435170
௱௫௰௪,92325252325612406366822348572131400992129759040475911960768298756959762889674
௱௫௰௫,110008027408835413417514859148447468301162517838560389617953425437729045702465
௱௫௰௬,54366253893858207391501538001689391724572416394419928846298157184081600424214
௱௫௰௭,103437812295610428248723497291383406439168821455381203887595440867359316056474
௱௫௰௮,81900368119266130855887187905013743820948915783271573998116109495846046339668
௱௫௰௯,35782519355447126777214792778157781220411358689188377895529285378834799919981
௱௬௰,83945666469246381673716350072575809083230634445632594373952587736738540442221
௱௬௰௧,23694411522009502310990132225447989060386847347483313797007140949672545892736
௱௬௰௨,104597975440794244507891784910985633052266091002851274996921416840439156743157
௱௬௰௩,18558384922319950744622640854831391827506612166912671294524897328778935794644
௱௬௰௪,54856116168523394302912798201014911057065109426575026608990447478901481178732
௱௬௰௫,49878447154182493276201630290367037473656099255029185602769312120092136361877
௱௬௰௬,101810816749133843492402853173856866771226395813937868087287516168222630916101
௱௬௰௭,26034545939910100499480372756977110988306760644116135700853239470158569834429
௱௬௰௮,113957409631418695116342988694639127203991744971729049342314550491949896292591
௱௬௰௯,68935240509966754914715265067860064872898287965178240337500162609497800583399
௱௭௰,58522619411366259586462893597490294550900053372872600030076333884236721759505
௱௭௰௧,107006365879976925555057506945844242923548694275352927427707344627867770780225
௱௭௰௨,104416899799251232834433348212558602684738229723537934966172558183636267390593
௱௭௰௩,8492537848587006193788185372077204763093872341726712748667342856996683247241
௱௭௰௪,44989332841823399598556393888420672837282564660430023937270957246370983218985
௱௭௰௫,98915894958724846752235754223762246429206435931038917045602027567891065226860
௱௭௰௬,65849898680377855444683863249438962160287157412101438059607267038894488187110
௱௭௰௭,61420954295103693778533505877251858597733146792613997780190571167599863440406
௱௭௰௮,38356709382558536724691675604029851084531191652450035943443995583113077612995
௱௭௰௯,33186497346852463454764985830833366393681213457144862621937888438623085010296
௱௮௰,65825135389007347225314825024738644019558644959414507808962037600742084746824
௱௮௰௧,60134922631416050121766113400165028566664139872424189868984453251045540489202
௱௮௰௨,34771556935529610606929073204447666727758431026060794213585160158398387286391
௱௮௰௩,70292939555317359823232031266713907593719300679616350027772368744469099100793
௱௮௰௪,85102159371863433885152993346676856679238739165133502924081760123022353865817
௱௮௰௫,33978031472043753761492916668036610860625681078437687368319362852418062188813
௱௮௰௬,10442871988903518483540617942230284661352287455751280698857437825975253768715
௱௮௰௭,46011055846973772137287739518443736655501611570132975778786825138532518249002
௱௮௰௮,36306049617785076811064786274840110045542154592682636769877992773862811654482
௱௮௰௯,96368097561093243445602266154284581957507722823951209575236662355261774844876
௱௯௰,73108114970575515996946260113207111165541851124581101670653722225139968789801
௱௯௰௧,20892325432280627961440318456185666575483245432424724987735697812517592932570
௱௯௰௨,2867231467190353346644555878619211516457991414264636799350201439386785365505
௱௯௰௩,637683299603391322448373449434877119643695267270452771320831542951467195092
௱௯௰௪,66743112026394964712031996807740022020026628954100149711029393800391005651497
௱௯௰௫,7955331257899093090877377038460382773402215113342512057994256946100575006419
௱௯௰௬,61832626298367445773357052026794329878052673797914004093597524289154070284490
௱௯௰௭,101468430360998646323691906196614068499719916409265584457043064741509533641658
௱௯௰௮,7980245412605264041740835766511395409500254006003797001678107560575176093388
௱௯௰௯,89567928708122654720760074849678096165109242638056607062975437946481803899514
௦௨௱,46803348850951179175714315007273379525542789182829716721214961100229210084180
௨௱௧,5304083848591586782424140877708775797501658766401592107629028339810944641225
௨௱௨,97841619356976810598097005635852903952919853475078582814841559098733372819661
௨௱௩,28227528008899263440186635772273816226303077053566876024557145037413155639141
௨௱௪,51456541134365506086224409222310655054080367392128955996353255601004633353026
௨௱௫,69088577131232816833173449991080804393301370880291269854745783668329986968662
௨௱௬,50116358598233262378538835066785869533481101663890877334770625223981195813762
௨௱௭,41033179164922441938593678451202841346915721454258482399728364846644156915157
௨௱௮,66264717669232716052634500960873898849562909043140560209928535319834015010655
௨௱௯,19012926797229132581072226842315451379368580275369025715707334499221610187126
௨௱௰,78357093844887491670940791467905823769685355177653113379693178201104902678934
௨௱௰௧,109666431980626363514443232247032503105533863439235291473531509322215359899469
௨௱௰௨,22855135889131404014905920553339593830139686418127318441402569184249149220981
௨௱௰௩,89381759840599327691036502813655165868117928851175220516112313656819075419978
௨௱௰௪,13659173449619588398677669030491652704324953107275778658406642220435848975458
௨௱௰௫,76176605469818494705428388186764083403392412490517230010476209987395148787228
௨௱௰௬,41891969923680633840933671257302082261828200615807616462563098688303060618369
௨௱௰௭,103661517168909835128475986707358759975287363331766028295221452313891309015798
௨௱௰௮,69317682684895755726495477724367782934537200862006138620676642108992201812252
௨௱௰௯,39879852529839435098460871772645985891887542946255996841913583063886191282767
௨௱௨௰,16102464761591366806812960546481664652745854557920846388589912288769322921264
௨௱௨௰௧,67128654308913827031965190586893345284043538592578519996639723080089814073644
௨௱௨௰௨,69380041003339644668399669078679861598189212565522082032501107891259940640627
௨௱௨௰௩,14790250281049456246057994316057632439703950879330578624963974677430971336036
௨௱௨௰௪,102339685416465670799709535812860128831121138971119980444850512986224301734258
௨௱௨௰௫,52973205703950553124888061992248630166432225759841149653795313611494656236195
௨௱௨௰௬,49144026521404131648780927521562649448177132134412317997096869184353470418585
௨௱௨௰௭,36565590676516994672764511221652650051136285750317268409349379135607896542574
௨௱௨௰௮,64211450016044572931079517419819464388237568992224627866119610740083089195575
௨௱௨௰௯,22192901493466940424816663129912944127997331944838316450890469985906248415155
௨௱௩௰,29255245784351199191179056217056515318292031573134776891936506739407843830772
௨௱௩௰௧,80433642653388509717362787714359591888502417323323337944434625259454840773836
௨௱௩௰௨,53501711027032560510922101275583014736435898673509819389196121412926351780142
௨௱௩௰௩,22900089316253132590783036158710217603984065688480987545598975567946821594298
௨௱௩௰௪,49824438645739481803893851791231379046406990575657906980581157676852898617405
௨௱௩௰௫,18491456291163351564919659834690467526074632030479885544674047078903429866730
௨௱௩௰௬,54180695977746254193209369545769453949999322068681611723624655235872417494383
௨௱௩௰௭,37857317022723445612862281406446578041483214822292655792332936968788255077991
௨௱௩௰௮,103934290536216869106373311812601991313085575892713925360248684869881728716698
௨௱௩௰௯,53590458165818408657288499959412321948534883592266351561903656263554810686889
௨௱௪௰,54738263730612664028358208664614956289107660300368313705930069640973751281778
௨௱௪௰௧,56487293918043756425073024442590515962859814678605367365280714179016053296029
௨௱௪௰௨,17583193178289216133665893870893373064603171885357739714537488892845636529252
௨௱௪௰௩,106110943968966397453853726519728670629911727404677261889613948863322706476151
௨௱௪௰௪,41189490446128688846284463888893977813436308094113615685384619501507019959780
௨௱௪௰௫,39137544950728305893446138499012020557145267352676773302589371808831219124200
௨௱௪௰௬,43265171175863023991786725752378820342674213768089031048490236705988313247274
௨௱௪௰௭,111687573679995186465597698633428265427201021137600053549419248257200370951740
௨௱௪௰௮,39792139453047139128149179123278771900016960002415754000736126360597602162636
௨௱௪௰௯,55705552307086817763964045460091291933255896731061694450325521278294272015143
௨௱௫௰,55424327370772232006952226147660295198035494907027395185271528754856835598815
௨௱௫௰௧,24014933236058049262741133701931920565054151053063897106673006699296160037388
௨௱௫௰௨,1688645991370265731524920080274062960126485826191298808865698958304459150075
௨௱௫௰௩,104491439245359374289462254622043091284226301206785294950627639809692395844096
௨௱௫௰௪,45451513612081988300295795909687441858260827973428692321095922500954682886824
௨௱௫௰௫,75169221100942034202281406607280747144764979275444886975475052473068195940993
௨௱௫௰௬,106207144274212557239616129433164069320653809723700589204693719536187841883031
௨௱௫௰௭,58808416249261157474063157865283663411245222780097051747687174997089926738819
௨௱௫௰௮,42660696042504132124875562592829396594173220708223579388728227815905944112500
௨௱௫௰௯,88745433995049224394375299227584507820152383892912252216237612152599695891146
௨௱௬௰,27951696742634911025391826665655788652658414380392485501068489718676791605068
௨௱௬௰௧,8382624736481599724940637730343308955092668078114241514207533438978216260903
௨௱௬௰௨,86893243262839023751546780178873588685237766613053816322621898171254167512696
௨௱௬௰௩,101759939656126463195595234202667689274436190083085236310556512207082029197542
௨௱௬௰௪,84476275704438543866228494213654503294227345739355026082762804296531217174113
௨௱௬௰௫,73779262172940711413404959438132778385829504935073482067000804757194996536267
௨௱௬௰௬,77936330326617408212271794242059223472087255251392787937290117616412315608696
௨௱௬௰௭,92456880522612990185043284129250432293042981657795671971464540164529499557658
௨௱௬௰௮,78529140297709370322391072056982150991699256261688389933959426889167827307219
௨௱௬௰௯,50935043229009665577766644510636425231645978547761055296727447909409647594372
௨௱௭௰,22314373635936090794541696582213072832231383611997110088805693759240666955295
௨௱௭௰௧,36231804417933124323562950436762777857323335861402650412648230505377962525
௨௱௭௰௨,67228681046178294177569166119279163540141892043029252913417078095037646388625
௨௱௭௰௩,52652353585860901651566615769726990666193589700215924686365559390858493707046
௨௱௭௰௪,52748278679702295558689387667581985225011614345022889610665437739696154716502
௨௱௭௰௫,1933680810758267395097639009938478272432927625790711896894270912934671652798
௨௱௭௰௬,108550668150046204940243792047374124184575550478331580232590422986361051430702
௨௱௭௰௭,95484750470905090989818488839215574686672460795451753034813064423313341745018
௨௱௭௰௮,50245723579272378902152927159036967998980268551467584682993824097368411529433
௨௱௭௰௯,45674291751785635586681302245535867541308278143208697902509492590242756004494
௨௱௮௰,24918976264597667865237755514738450534828936273249953511174066561149676027563
௨௱௮௰௧,41848661511262014981712777890799264796622709107379754953100397430052010556236
௨௱௮௰௨,112988426154143945753242962159996723789779810287673713618361261657188606184760
௨௱௮௰௩,34692028626863219499471330163460575979298150406898882379844169006201664890813
௨௱௮௰௪,27672427077610940497475000070776243266088610602451804469446600077557129135547
௨௱௮௰௫,44841709193395114230986457994380788447794375388364523009780441949847174896064
௨௱௮௰௬,76920534929086965973591599716024513386583813667093511680564609474763479216004
௨௱௮௰௭,94151904147488234069443115035125891461440578490831922026071999652274053963697
௨௱௮௰௮,59187019162699936966030891153983042068741290262700406552445047987921697502408
௨௱௮௰௯,65014506877809548298123226049528144236107980495123168716248366071701825225060
௨௱௯௰,39647179358624122804762125238410158984627362022563787214596121898923382261159
௨௱௯௰௧,95545892263732555554772255865901311598797704899493946528329599032561126476166
௨௱௯௰௨,26209628081583875370385895265137187768545178028618915622775779776719197655381
௨௱௯௰௩,77068641428328056506680973890442582788296341543550259164581620997439693593063
௨௱௯௰௪,100955105089766223135407390140806181647998248504440717710853226967024782356325
௨௱௯௰௫,108117750135235837111739974941635066438439783428796638778510273985194192451396
௨௱௯௰௬,49374383663371511023752506664981243389780379343241016067077626571825328832132
௨௱௯௰௭,78787333392325224734442405013377732643095497890683293678568841644577150733110
௨௱௯௰௮,17341976351513029477907580842248868667451727376581535933554878956819687558902
௨௱௯௰௯,50622601808248963666814409734150481868942502791618807029235151000505646732432
௦௩௱,26783050740608562622684719162475027107429212200857108149550395681267030094546
௩௱௧,5430805229945576976144693450259492833885760541421168145024510102556177660571
௩௱௨,16338508244380811944540817913571205026575565667643894185953316432160071827843
௩௱௩,11785705212459186604327868819431706417004520869951289197271065272198798857321
௩௱௪,12608838666592372513569883847520170933198449412633237338601146181373952778982
௩௱௫,66705587471860916004926757588100941597528151327817543006770144532670007301004
௩௱௬,101289017490718458965381263057886389090025180390444181018116348005360043323679
௩௱௭,107925273999284657294313450707364564355699094417894939468916725721768953440953
௩௱௮,35243566284779608603218993648537841645358458476981691430765336602280580443979
௩௱௯,70508614863857575833765210403681881639546562717580345665803021097857924554434
௩௱௰,19173018714240398325070861221189292082812601625750862706933220403223768775713
௩௱௰௧,106806790748523109181104664247133864027682210157841616865604359908566535343911
௩௱௰௨,49811179725745988951300016324398331140531221018951481087550654242221460448093
௩௱௰௩,106164874887668844410259353618583202051989463135461519298290944896632514084118
௩௱௰௪,26398550617954463499393569376613674822518224141518117056816698266893855802578
௩௱௰௫,94584274502447316085633380257704142883047635591019989147110842177741234243724
௩௱௰௬,14688258648404210208759517353635998075048429030909035019252918289520565805026
௩௱௰௭,46463527110750205969112430320561766116900756338491631493335944469503204579742
௩௱௰௮,64446742454519232388913805253692851491709361520721858952147422342524399105493
௩௱௰௯,25832796821108912305428816337954668646138677532802843931610703331400657320894
௩௱௨௰,73271655595827884546866080627434601727072638234412570167504464800366910996218
௩௱௨௰௧,67828782323936378630923588553063928077714228425653052437364099112381387727914
௩௱௨௰௨,40649417110003584699485334026466886512745253446681624761216265465625966399826
௩௱௨௰௩,93146103318055641734267470890791564792491494094391842115446528313661815859620
௩௱௨௰௪,102641408399861581290865934579453664454058187034162779702449541290547187177342
௩௱௨௰௫,19104054606091249457515521784255318429622383869053533636555987647132119598262
௩௱௨௰௬,63092973025639529040525567282860256701961117738848927607352931014557011776131
௩௱௨௰௭,15131267237727919929217597825308004146516607266670436224260925476194772267568
௩௱௨௰௮,43280961413717284128873932463844349146237157642528830864646562039012063357503
௩௱௨௰௯,105668411588030154360827376724035300289909834261777571505951925241935542295911
௩௱௩௰,17995246189549890482657916982183437763444856816663661557444974935772333548676
௩௱௩௰௧,47157262856301310779647329417078876434083710452820961528929060305452079572332
௩௱௩௰௨,34105379255183089485268054888820244553670395594241438549101578279016759044038
௩௱௩௰௩,73759160510459858842961520787968917010445592772052283185685970686724758983708
௩௱௩௰௪,80776893115771205142472918995397825641885668174032602535340260605874582080403
௩௱௩௰௫,29954689467908931901986278497383642490308250709111997968782671230496206566346
௩௱௩௰௬,63750206015136013229044907987010168724561264695541463877004667665186581422262
௩௱௩௰௭,72999114249920861276604682675891728016294831425802546702025504498724806681243
௩௱௩௰௮,66529572992234624577191255411899786239115239765356638400821525381950876371317
௩௱௩௰௯,624333069330355339709513232023166272563725000457888859606103440881239445658
௩௱௪௰,49787468075290753130028646963700863174147460949130012567578907263833304213012
௩௱௪௰௧,88126978225618856964141036112656441610462900075318618074627783243734927954662
௩௱௪௰௨,2302577508120088333853623333176120409206744172111027220406643581164539356364
௩௱௪௰௩,67865701692417416664685196985517140825995711573911393521293230812368609619569
௩௱௪௰௪,101206963026621493151912244534028742990030278524936743950099716354120633213620
௩௱௪௰௫,85912951801372061862005843037001132490223386250120620856289141492611261766267
௩௱௪௰௬,84421481895424303742761079829786291378542789051309959481348838142132422700750
௩௱௪௰௭,99884872794769245702585961183484291437802458504474645062964675488899256649804
௩௱௪௰௮,61613335911123332606165687679434451933505918529178665161841319325530076329681
௩௱௪௰௯,26254624436622513464551358508623493394167543454119760488111341493964476737785
௩௱௫௰,100095452867566951052256115686380772424085278063748380355329573901323765252715
௩௱௫௰௧,11317089864366455364932654773106847957709807704844732480172836134562718562694
௩௱௫௰௨,96359535359595801652552921302647016128302295356894400136221524537121512339991
௩௱௫௰௩,76800103792041634613879116747648752945080181741624224479442636397616520039469
௩௱௫௰௪,35286952681894941861556668125758643793215045519553250690137356927778942068140
௩௱௫௰௫,3217756030982121230350796013740656833699025603728497201309807998037431846769
௩௱௫௰௬,68658966959566180496521263292244297227596279521374755806373557411780314946306
௩௱௫௰௭,88567635082358788649514772899532580396037545236888928077888341437623371289129
௩௱௫௰௮,13074633739364410258842531081574547216757342280817659469642693084709076578622
௩௱௫௰௯,99070393531324138352611412761059551100853117708959658706837157771892152192529
௩௱௬௰,99277299105842012026781471969296012629064543311495605158267343005758207664439
௩௱௬௰௧,33272011649455794332953735321771867221688423882452050430780408159882155457593
௩௱௬௰௨,11194925408452981112110354553272658062444634873152269295541373661777531202418
௩௱௬௰௩,75380198418631926101227710342836025629292348285269734220666016184997724337980
௩௱௬௰௪,29880777268997124042079219002483307064527278808940532208725814889712369571619
௩௱௬௰௫,88733510194401706911283462675128993941583656711020570935622265010196173347931
௩௱௬௰௬,25534707541823953331464900466496683306994445552727300949223932742589041080867
௩௱௬௰௭,83467522310855620355682921008537411242768847891323225642807870876919618757563
௩௱௬௰௮,115061427208293507977047462233802409582616711052436174593347194690889094576662
௩௱௬௰௯,30705864481108855259260548732151708888554586769959391938903127558673420940212
௩௱௭௰,99277650922848669930034332056132107281930779262968646008582950187253734587947
௩௱௭௰௧,81742223963933421574841179416434176762220846633971167644810535101760670587080
௩௱௭௰௨,29707947853537349932346401019947562166238070897277224087274806585071693475944
௩௱௭௰௩,93368258611579714974288352382533011328095568368299874862004080621413222351707
௩௱௭௰௪,25496237621645057736133949008906333034786785681109754578539676456549110404234
௩௱௭௰௫,43450484192741544904303007380341927376985038764230298255700093550341429888132
௩௱௭௰௬,8462986772178117549156569304059454026613669917003029559851678243146697642598
௩௱௭௰௭,43466279588564584639961064572688647222686309071352677981466352013040339972164
௩௱௭௰௮,68290306468315638505937295355156790209575673620157103460338299255942036654688
௩௱௭௰௯,20619146290613123215570292728328416330593174874776921455923225030741798830768
௩௱௮௰,39007272632462031337748154289659114789553229269378210454345850914419949030628
௩௱௮௰௧,93089626816810597045804992645593951090777828937242470790412835634573064930731
௩௱௮௰௨,268018843012182081354307278479233958934691983747991533754803176323034243315
௩௱௮௰௩,3253496242872657798745403548479188344258927070872213887778848741272258717227
௩௱௮௰௪,58567602260335034979026201425372610794740339218102627881829952323934574236043
௩௱௮௰௫,82585554919972503135224487100498991917938491202401550848510386890670271201841
௩௱௮௰௬,65305264400747804544309929525464697506449350806274515751430112717727988750489
௩௱௮௰௭,99941723878679063432792365166518930305730196145986742993805372678130525006682
௩௱௮௰௮,50543184982817624409621711334244263807083470608951912760547592634228208832866
௩௱௮௰௯,98717308326725374232627205613246780036514249257275079137581189486435230273860
௩௱௯௰,61730075244958009126723725908590888308255626237848026627258753340343416707509
௩௱௯௰௧,30388835827041972976917049156449461499501374904259898256926526782165159806516
௩௱௯௰௨,5104518113415568840979502030146642443690672422465025788374008486036200274688
௩௱௯௰௩,77146297095325088554137628828602713228607968179454754754578200839770649614098
௩௱௯௰௪,14501035146495753296920801499340693517246667054429443718170906640315922180733
௩௱௯௰௫,17468841659292373080503505633332539557020308996171269764082545940048436099421
௩௱௯௰௬,21574831824848218209812177360550237508517480327846270552002996126846848279167
௩௱௯௰௭,23883635257459531300981388710797857304136513715561871876745327744894179424310
௩௱௯௰௮,29376554624958678951245482202480935727406287369709779714913893162520657467835
௩௱௯௰௯,81856659557629777458839449686506035304449990331336977890646147369790488423476
௦௪௱,108380715918635438533093393362848259041573876018947200444319165463570981354943
௪௱௧,66272232696944708849547178895062425614530555117502014687477164757226705417362
௪௱௨,99775500375783734081373956968826874608400993179148986258050690459135007474286
௪௱௩,81718370958178728058092674692937107200530408144478852656831976809669755348424
௪௱௪,7938299345484201062282596234186150468076184765994616003378060124013263366050
௪௱௫,4788835759159838322166566029626617331781673810381100985527612531043823246175
௪௱௬,20562518203719300976633239796344889129935184082437469807288914490044640137400
௪௱௭,55907557149526886273303929546935427880825550953605036548614867181738850051396
௪௱௮,49253457676679016376756029189168829189625455206434822351342760805267916313008
௪௱௯,30403089151283948029956694163670885334862945392279518689203820175574944230614
௪௱௰,27239465267799663186632480910823959053026685983647560213158696194739436774617
௪௱௰௧,106456173773492860810827740011168999156967063744417320550820539425619126184614
௪௱௰௨,91319125136903400113713293442814271162134470635611199722478006942815490747944
௪௱௰௩,48336567973358932450795511323815876413882928433688701432078330287707000241613
௪௱௰௪,95827272495091721152339433352605962744153013570245538864003397119476223575876
௪௱௰௫,26501267692279035405586633117870245462786756195509366430918961433981190262405
௪௱௰௬,4816212417431863617294272539870387179154860962944656561265009323813962158186
௪௱௰௭,3562169003581415009033287013203057405612007262223713894575245094159415360303
௪௱௰௮,69620799058785888693346846005878170731693980804273963270319262128502684404937
௪௱௰௯,88278282966614817795989514740221842823016915890143031823620082707838180122815
௪௱௨௰,58724353829523547843288648914121395135221713505119502283636397391078539429878
௪௱௨௰௧,107680812202201763103148987839548454387075114643681710788856766424515879432845
௪௱௨௰௨,16157294161061247627172101292466048629492913114289297144362237225474747833143
௪௱௨௰௩,75051083679960155287374676984543670973271583005513469062381193206362541673538
௪௱௨௰௪,63713360037860279064129928489157896010128854896118403903752210715384338803735
௪௱௨௰௫,77398402001940512625299474942619151503497179809603150429910039439544151853384
௪௱௨௰௬,109988444311009863893752870140207951028566601213270688074445697901269863041066
௪௱௨௰௭,107557717148583979144173844373244489342606393664926145992930167032871832497284
௪௱௨௰௮,97674747798743561048650381495464769558110220050932102791333240221795601933087
௪௱௨௰௯,103378233777354938220045071419679995232256731510173839545004771324677104314414
௪௱௩௰,73173052876287800524359308304384000693989460001571159850338061326134096983480
௪௱௩௰௧,7806866329944751746581566097606944284665076441664679084437073557353322368007
௪௱௩௰௨,81599581828922688422061641568535636771000321695661929875780125055142073780984
௪௱௩௰௩,61987199278103921381893351867718448746805974808386827523695747258007864854370
௪௱௩௰௪,72893079473007588877743977744296637959496682287197131363396910116186946877525
௪௱௩௰௫,77464828000939397990883318557967246070621027795509568116559737628294461215218
௪௱௩௰௬,105015966293368335266278613580831204321411214659024953900490865671569298182501
௪௱௩௰௭,90995155492815025947858084548538964320737696559053183454562904286127370933311
௪௱௩௰௮,77663690712268703531386343275909052409145223712742677015675431166298024140698
௪௱௩௰௯,99810502671891437871087705100086041108570627994653450218290216532545461365573
௪௱௪௰,52237432013397106731426493142990122356681931623214498987703721813887942297919
௪௱௪௰௧,102515243471769771215441468135018897597446658828568340100604433923728332892141
௪௱௪௰௨,4435373042723232931927643810659830575624265337717467378062828482644538428583
௪௱௪௰௩,103098557251323728340995779440085166114237838926971760861197519379953873350924
௪௱௪௰௪,83815958236156890147489105667672470550450848403535893873890760548358048865599
௪௱௪௰௫,33163666382980805917910518868006354493414877697442865232526192399323013649366
௪௱௪௰௬,111160187194338184929679920700419810114045984773713974824237201694353649157021
௪௱௪௰௭,18052509722969056857136643916818646892016099356463286034201002768182679341881
௪௱௪௰௮,65950831219931952404677510616609259076664424795642389203007841261383661475753
௪௱௪௰௯,105567275543508611897139450654281890931734146851270025705352579173790839641318
௪௱௫௰,28833357587678396827973592959958299364224891080398921308568593940810175044210
௪௱௫௰௧,69197047082362897393729689448519601597574653639627730568639392705978037378815
௪௱௫௰௨,6251701068853503307303397988099794685762103512670888586310857990805149301925
௪௱௫௰௩,23775294305937459398517542997483841167851226102915684836657713672761633958253
௪௱௫௰௪,103765606688501015952376520940237893054565110693251563163306658210669822285943
௪௱௫௰௫,82095684484077993207899059515271213437059198745073630768815837071071548653441
௪௱௫௰௬,81265363897482604945544734071387870258127665174464877906670065763208615841216
௪௱௫௰௭,9150973522073860938833553359340103259710989696997523911958922055455686094305
௪௱௫௰௮,58230186552910271957517923946566752431959017949015390023838933086637197391534
௪௱௫௰௯,19043362574500706002018204223014748425688024291090557146917986854808519797528
௪௱௬௰,6901198372030705181863833501006477869222847158071474302345390966866197613210
௪௱௬௰௧,103716786045888000279208629284725396169808445521743359382077217327208597203627
௪௱௬௰௨,78428618879155233877373891896636413354055584000785727860432370071712164670455
௪௱௬௰௩,2603999817122290488753905787900335736054728061958743718393237707872601218598
௪௱௬௰௪,51339797749493491914475099002737189444117090070610452834261980177969469686948
௪௱௬௰௫,83341709869005416021167994545062579174769737611900301883902175956603499029065
௪௱௬௰௬,89221703833253458457253366231905801536858871915495189129487573812891803121016
௪௱௬௰௭,62211975302497435191534792022001818654241393794329382490784097060633410829024
௪௱௬௰௮,115653585058456598263775395880103075628696184474541816844190069827397178163408
௪௱௬௰௯,32097116392923373048217825369174466672240262785615882042906947608839160485493
௪௱௭௰,70558285124320687138093819657114595625606517998929143535118753010720610919334
௪௱௭௰௧,10792424118329778068621088510846819682510576105554514046091465962871555064380
௪௱௭௰௨,101407423062332528513646115174685770641855016671765466140036781130720710128356
௪௱௭௰௩,114992674930794159705647123423813186191570896309826244179561043795475025198041
௪௱௭௰௪,63465648942604434459811029406537897149281830083111846183768573925383580123081
௪௱௭௰௫,97878760304888614389729366413277043517207852882766393225989785763536431434361
௪௱௭௰௬,15011554555316680353877433017588201726691920488397548466611202353389459649376
௪௱௭௰௭,22210341465561880488827616744952943897517372018521221037319674543233447822772
௪௱௭௰௮,89810917249070652595581848224135526312610749130622823915036473171302344187386
௪௱௭௰௯,81383967667440169211287376487895904236086714323894935929085286903122559121
௪௱௮௰,53538285324826101228415263519461011140088536937269555024014335044350880232145
௪௱௮௰௧,66133697619914652581029369156249621885416901395800540206603419374442466268359
௪௱௮௰௨,101378349712301821020904393273881238116543638650137174653805346526242390378319
௪௱௮௰௩,73424650664036120479386935536953262367475800541102886684862880522946418588344
௪௱௮௰௪,32659473671984782963397243777929516037983673163199989138827512188191768912506
௪௱௮௰௫,84438556092394836629833888445385921349914779571475880688435234330893822171125
௪௱௮௰௬,88586453579471208102210771012491776188764602174883072475160045639612084486706
௪௱௮௰௭,103061657428121356140925059505150508042045454998982234329367261370697219033466
௪௱௮௰௮,37272199234106109038886388121830789669241960488167392039858929062556510737335
௪௱௮௰௯,98335165938960728106578428407685397399117521248323608415805155228365833077877
௪௱௯௰,53035238305624212820836998371520471763178788606085192391267103559236065599951
௪௱௯௰௧,29782567946752021514371094370711058923882879934930528506006710578434715822650
௪௱௯௰௨,58388765760047578767943852680806188435704590606372884132539808320133780379525
௪௱௯௰௩,24542655756636019737732427211639492728105650528928924926203862373312520983738
௪௱௯௰௪,55347681379031683816404666019989734318775333236594538514407936491618704467038
௪௱௯௰௫,68187269792883942346406650536480950957692535476621517483912705400896591711691
௪௱௯௰௬,48241673782727530473379225250970939915221472176089537931313200960030056373398
௪௱௯௰௭,87957933080319755619657965861570283655439615898470012831170936707883474844174
௪௱௯௰௮,93917434137847885138725119664496194933271283427216873626898011699353838084709
௪௱௯௰௯,46925485067497557250993458991340722171745066359377688391716495179236858060823
௦௫௱,31304980015780679196932564266322279769009770847261233009057365239708646351393
௫௱௧,61734952234134293628555586033074368805083773142761346678353242319704039641391
௫௱௨,28839967936622758622585600229529825805516795032705375774281395295483452579040
௫௱௩,98988934709138890167097838419989195244039140217394462433989699520015800642896
௫௱௪,50232119036674271732364707671857041523583121152290377470728738658775787689810
௫௱௫,91516339787330588407754404226294294700350749497390234980390867627324055864442
௫௱௬,1657494798170595366311145434489198860421910104827537777073754389899365776580
௫௱௭,68544998985760438787356584936678141668164822394197941348809852459437420817664
௫௱௮,109566641201124763839644106657527271097356110354776984357845074085421941426299
௫௱௯,19199143347542747972882682369820958586935986223392878319512603839899196099702
௫௱௰,77242001614277082937021674988308443702417801507463481436110783326243799196569
௫௱௰௧,59897428330502413948901130707384902015877964998272322567353476477441407305339
௫௱௰௨,19730690089593327461865849278012789943307714424348800925588017022496475486093
௫௱௰௩,81251643542011383593639989406155334865939733792949403574530783616631914381592
௫௱௰௪,28013747628489623870665216728883553947903404322466534418050253769931774764462
௫௱௰௫,40824770269410653210675164293165785757185555397718870335898482135011659748010
௫௱௰௬,101258424887364160559517777735553735837000626837416242726474318029164746315363
௫௱௰௭,64229922934861670280837529805758827099499816906902610222973253798775124059046
௫௱௰௮,10286467982802506741099389726697638746201950114036007798238837053270883835414
௫௱௰௯,40068344171605191713498364171940107932200539268636731533892971995672239090391
௫௱௨௰,24430525863905187181171510369799795778340648815807894856685041266775702308727
௫௱௨௰௧,115028143979034370556981967102611979339314574021272762160458177347126445458403
௫௱௨௰௨,31945356865980809653904898217936793161416502364172896349641823518190804380274
௫௱௨௰௩,67233482797302817175540298432962923753108008332672334006350581011900215720817
௫௱௨௰௪,87085252145587401606931433623473402284683849292170396265781650143324411410102
௫௱௨௰௫,99688607618348499074872179109533972418227371091109328545697766626238876248724
௫௱௨௰௬,48641457164592915720026756549546551318939210376564564839825266010457725679239
௫௱௨௰௭,58023878682007164303185392883260412157768455544411230959535098888352516319749
௫௱௨௰௮,73014983392912166097754028137809015584954061506825507013338247137950671254877
௫௱௨௰௯,18764152823080924263468584892942385249977918658086962640633075893801799415599
௫௱௩௰,51045432738975587515316359356443388422373045738122347949135780842318951345121
௫௱௩௰௧,23332856275112140130544315908758287366284219958627982399956273408987828799297
௫௱௩௰௨,79159060111519771623480443628354872511433922599698089081512107016248852196550
௫௱௩௰௩,14890243350876455322096016162022990832821487719862709076047139310469848826064
௫௱௩௰௪,98789067741410681740995579295311526534959313140463171702961904668714584918327
௫௱௩௰௫,26146236702920199935622821343389782882589721837921215276984831412625052140428
௫௱௩௰௬,99741918791874359942866854767004906056935051328977570494260361696387213875694
௫௱௩௰௭,8332472167555126143221274430163413744862506780467602792366308718766164603415
௫௱௩௰௮,65883481501308138360072263807033221510137633508028099704606188183940990035324
௫௱௩௰௯,14704304449463830228555399552450691127735777623156539631592633126716985749701
௫௱௪௰,50101378831185864167834393449559847303248599483240348492059430447183211876648
௫௱௪௰௧,99936338025342079674273851893091022523190859760837410961575083066832501823454
௫௱௪௰௨,78450128918193911836120504570988746549327792016092287972613763116041474389170
௫௱௪௰௩,883033248871112526845241224611046078524017049586988312139846120696732365262
௫௱௪௰௪,19110475032677429121991014638090937023542885247090393253839572095473975464466
௫௱௪௰௫,69903689143577469309156116194029210024764821025104988345203380286050233090089
௫௱௪௰௬,28582357067526249531568293783139251210502494481335246783981672817742602843292
௫௱௪௰௭,40291331278038455470975400396208058111661882868734631893665824725892706088043
௫௱௪௰௮,94957258784067039850616443437941165594326187623327394838558222601330452609090
௫௱௪௰௯,29273297029294096589348756970278916987879124112036830918997492222679482177427
௫௱௫௰,42415492366901077155311883598527236052806163202703661559857290031723266702547
௫௱௫௰௧,31722580490385668827933421558156744135323650448649447925510557729897823979413
௫௱௫௰௨,24032797240630802260348648308864493797682819543902568311230188810885803992774
௫௱௫௰௩,93725460324670182979518932737979819057739637893112450920009978971202369841451
௫௱௫௰௪,61662637137461981588555575823542972710043456375778603658704561002948708505741
௫௱௫௰௫,108418113206235036828582615558993425354960300565277025430401498364869884733036
௫௱௫௰௬,81024820730038915989524027199367482834271823109250590254649920644578901866792
௫௱௫௰௭,80969593861257108571689392820780582720668671768853242647597174398503519843790
௫௱௫௰௮,54589564258050176351069328750170638237835814930058438441997447285977730343635
௫௱௫௰௯,34839506606309448470708318128383624444759646859742070559518822771350152356687
௫௱௬௰,22145582822400942653587364400262606057742231013289634875172698870886142406523
௫௱௬௰௧,46461059767446830715625704947667271449973631041782164125036466903511285471681
௫௱௬௰௨,22886928752847760773715359918529793990882267406487975240964735856978528712122
௫௱௬௰௩,32252209220063527282778216109805522585550737216974343531723634122719134407722
௫௱௬௰௪,81395963671320048949954837553576125626120969730641109829079515963035159512413
௫௱௬௰௫,18406396547986560237263387546586968569915862163658355558796352924507341414805
௫௱௬௰௬,99654031517377228834468887274527012037541034477505075519430115313391009578635
௫௱௬௰௭,96991170154437993453918555476330195548269682023437957442876399774217171110707
௫௱௬௰௮,40996838356412292601706105491393798751699084050980016829081819838288397312460
௫௱௬௰௯,91981639223466658236509096398478778208386533615444365314283143320299561643370
௫௱௭௰,51950287966635233324672874329356150970761704403266879423658671818088190533896
௫௱௭௰௧,83452856185537227068865055449340206009856968326677453334295005012452650184613
௫௱௭௰௨,112881302853881304423859426091107448945521313399024810431132854072042170217066
௫௱௭௰௩,7321679877405720687280678918484351528354324511894000584384833840689714287020
௫௱௭௰௪,5239627971372925106068968603579038487127830636651324303340119516625173379885
௫௱௭௰௫,63939608841155834643523152769340301305460964659947428289547225487356703577565
௫௱௭௰௬,686575368248596132901386587071749542375931283154424417182756950834562419970
௫௱௭௰௭,45999444180349962466490834041395377931519534004833830963327136376879495087401
௫௱௭௰௮,56394055643335552925279870196827602746806171700856349248198669052686413673233
௫௱௭௰௯,68905837543507009888114914407350428181065509836101340439008678074642135214696
௫௱௮௰,25009979187521545318349343036554520675812757899306734573041806337146992619652
௫௱௮௰௧,85714627354136735166537110678647009784906073394386479762178161179160054664174
௫௱௮௰௨,20377054913913969878231945391713682459660637550069198881381073831133883711020
௫௱௮௰௩,83720547068511582886677561316264982220778815693775523176248493006033203235020
௫௱௮௰௪,93277770182246482542949570268668115531077320878449552943362981380728391118153
௫௱௮௰௫,45105110816374299461124753904542817803105565601802419316926704474443400202613
௫௱௮௰௬,59574305446913979122689566869576120058714148631268446702970321045474996437189
௫௱௮௰௭,60333144942419221428973071103999094620095694407869347079362762945006312604887
௫௱௮௰௮,59591842585885588320404494914914602436896424425585274063268792490661089932894
௫௱௮௰௯,74453341679662998749668690696751796287468317045326921391697165373837688693991
௫௱௯௰,106996693051720739462467079973612490953164956373653301540916210271176103516085
௫௱௯௰௧,52058143766773211755515371504066471926915622790775497425758949831162585660767
௫௱௯௰௨,75412959284703704282732340856511457783856685996619430575194984122173981506870
௫௱௯௰௩,82784494132828281283548677911963280322601505775361273356132740603263005034790
௫௱௯௰௪,10369408352436905992887305458990972983966231937186093482961571643052151657740
௫௱௯௰௫,22926044627617980551693336702758917567734242452158825157681113891123195711244
௫௱௯௰௬,77905392750457415244125635369885163670956205523466137141453972090501715208123
௫௱௯௰௭,3531961337678413814109027238962714224657324946089859692824127179584823669161
௫௱௯௰௮,100147905195932014337880466870233163464133139101958617454897326243166024585654
௫௱௯௰௯,71338902845998975432896211192291700217541357629220336407070543722702995232334
௦௬௱,104310388590195310558539976638526264859011636884007296995690615381254941786873
௬௱௧,13388516855330189708811573624087778835323069396444836827956371168692929130195
௬௱௨,40481246266800127500268278914874390499135244994143155097494532373581951508248
௬௱௩,114520850198291307561199976051716286316257644624668449559151106845861919630105
௬௱௪,46722802667765466697656414477016244314127980550177275760632236041803653023531
௬௱௫,22524643240854010241493424803484362162282007900734697138941957190863789085615
௬௱௬,89363577376995930458227048718993762068263871325789953358347548433754840841165
௬௱௭,104314218206162117229806664801498396466998699378065280162354117295306717054745
௬௱௮,16914802263757132194789717557508027716075032471116367409254011083647814740468
௬௱௯,32035122943439144850290289840517975238689071145979030771205504534892395246538
௬௱௰,84920751368563403339126495755433215773350753436243365708425639878046398121769
௬௱௰௧,39243656780057668022250598696418942822191748908535904143431308183310738694644
௬௱௰௨,7926558371636170944089711416579067623144625217991671669396120307267208255409
௬௱௰௩,69758655283114130152702087774242646599107486535208964170709372272561473212188
௬௱௰௪,86577068395630416355563161554421574570240776063101689456665749547159046088501
௬௱௰௫,51644600001235447448489096079429583398108299865538980542572089803958013666718
௬௱௰௬,45386822927011560377127248612321117271191923504104795543761495125729953085068
௬௱௰௭,24847809716351656067254633295363587199124268099251444826168125107331016420862
௬௱௰௮,98710685400058826544135667238741485969561387872289316157911951246949972304372
௬௱௰௯,55885367367836659872521514983566320152544148479784054199682626330315195781797
௬௱௨௰,90503086968357980340810906297940454161582120023576538969267812191160378879400
௬௱௨௰௧,35162706245849246861107908485588499574209282767694525131374434581533522079267
௬௱௨௰௨,3451711194059744111434500888494748622627075218153565067096603715031194411204
௬௱௨௰௩,83629988707260150873497089165797208538367203963799432461185306192911841870722
௬௱௨௰௪,93318264132882872915202292951442428680465509754340386291884677337791578291654
௬௱௨௰௫,84521581906712070731184498308050653310646340761938688371876425814638533382227
௬௱௨௰௬,41176762349033519187919976923910476578250007153536187613491008878157231983449
௬௱௨௰௭,85132175626965866158370760308826865782504710453069470388251996716782423499880
௬௱௨௰௮,45934464504586669495005297123474054670224688616224126021082472285251489229648
௬௱௨௰௯,47732666513446588992501425913118152124275381240051592287801362387096442086450
௬௱௩௰,101759714775773497485803040140164535484701336177180483753621502431638018992056
௬௱௩௰௧,91528121057764299181475292252657135016219294560778689895485328646374553821229
௬௱௩௰௨,102231419136419464709118299379780398962973514613335445187341714672860549721711
௬௱௩௰௩,22352380750788740019787421762513457856904691467844226669465226177225718125728
௬௱௩௰௪,86305432790766278803270053934733382383613769286996586697086338835504290866670
௬௱௩௰௫,71663597846263911087794858163042103569077748996868549763828592033111532950733
௬௱௩௰௬,47206063120406743850594674401262630975992325006036788028444292256312302948792
௬௱௩௰௭,85253379767249713478494042347256759832924815001760937425730267039890854144289
௬௱௩௰௮,106387412593398500425030634645754282547356174034862288697223666111240895635693
௬௱௩௰௯,103679215645819402612780673280787417870309613213351048428291404646242148453679
௬௱௪௰,76048443030703256250679243003619681898273702417234290040871445676174293033955
௬௱௪௰௧,65041267198864613248413150215797863446476861011969221585411837650402213656125
௬௱௪௰௨,1439151173799752129560584040900393447135032980405474287659331764225085421332
௬௱௪௰௩,90109096930206752177046350124774541377950624713221295327328904844420662591073
௬௱௪௰௪,81914052370723556892419232497907505990493548954373802431295712078576115309644
௬௱௪௰௫,21284277222724619630625137077753282066339727920286205049332456353260757635924
௬௱௪௰௬,60327860522917909396067468698129323866329155604206082812594868992849535285000
௬௱௪௰௭,57950984957421717708503591667699033901865383280752677206719397322900991859886
௬௱௪௰௮,27205223116608195256639368613950684819986077697267984507816318729735515536467
௬௱௪௰௯,69555924971270195928884655615031812781727252849645930846551133889543248860964
௬௱௫௰,69498706673894440026673105627739358920996493708499889690746212595040874072393
௬௱௫௰௧,12647616165834304414200093831361918601798893379806265526786017690478626548960
௬௱௫௰௨,94415112161453205926423973320487775009734773146411866305369077416220631950067
௬௱௫௰௩,98579408827722035445473322898727648928952301542882221277546400911375182448478
௬௱௫௰௪,86588496896041414689047830343562404525902963580954780218866129866050512300157
௬௱௫௰௫,9626315532144180430029608147599888982809389303921373310661136300112593997428
௬௱௫௰௬,61261825096368464877762861693962860112525323584927400253493520112122517497071
௬௱௫௰௭,86615805385947025797877446853533973487043519882344172139515795813114662655638
௬௱௫௰௮,72010480189017006383617149484823501075120855947271484398170566205685105085789
௬௱௫௰௯,82792985460802174966763047914979617816539155123215351788330591699542555404455
௬௱௬௰,61720499675745940848772529058289990488868046862964221468909527600264717425142
௬௱௬௰௧,113765730234917001742239865049412830822844152724065265027124567303106625355544
௬௱௬௰௨,14381494032753859003059914384816403419394986037666030412579825173860701117979
௬௱௬௰௩,92638159663434180245058104857305341661035238482457520579815484562641541718904
௬௱௬௰௪,62231767413117332071664265790414481153727496483871652960709964621947343079358
௬௱௬௰௫,105169040713553392719110234119748920670053098979009453871322153424404964071228
௬௱௬௰௬,32184468185684928793354567470059346623173160162724144607111330644377518429468
௬௱௬௰௭,13930786164246093901946869887997776986984030172963373263412542962647238944596
௬௱௬௰௮,98535588927858985527090442073957505638821394505035309983883148758983796440031
௬௱௬௰௯,84498684437976166352261466131562099323460049004025465628931011142999201284323
௬௱௭௰,115708299193823094122938673934373167319974574236812820132788710414949788275348
௬௱௭௰௧,65989234954886328725187398842454692181693810322588575798546231124349506433492
௬௱௭௰௨,109745767724444679446769864599725674100252245333673771520292638118658287126114
௬௱௭௰௩,40009525134453753786485993817728066993836904426036586379554011885390267297047
௬௱௭௰௪,53940287495544760304729583503281436029387327364362402519809717878572340792833
௬௱௭௰௫,104448065097644833707470871572054469683214929960864055941861993963860802625732
௬௱௭௰௬,11541316457586646219383492017630859374456941310229361613857743722899256647085
௬௱௭௰௭,63665163118610797137200888239807917940623185440434972741225919759203633080334
௬௱௭௰௮,16931657335982898060809347589839553910354576135708037092824504612140826379365
௬௱௭௰௯,73367656400263496892922710154700389916925809559283642230437028243554872798960
௬௱௮௰,96534539614473374478303822976174339597413189243564713363566827446001539866546
௬௱௮௰௧,51398182382881317966466438860088531242198655041107374889851501884060339952397
௬௱௮௰௨,21110123374187923832383080786386667491261454465287906407590166136616127827395
௬௱௮௰௩,28265723558171327308847068191488121272836554380685281417590623183399827519089
௬௱௮௰௪,98872913774596044669331045091953114650665712186680299668944020819296874180776
௬௱௮௰௫,88463692766783048589701112679250432845190419561916977371587712515247131892322
௬௱௮௰௬,11378311854413869863225195514753325601092566171338894092474090476451446562794
௬௱௮௰௭,39791253351856571949125837563657275870746245562150939612349473523491355825552
௬௱௮௰௮,32184834710062019990692713488958283992692038040602765361701507736976969571049
௬௱௮௰௯,6474927884380038378940660326385879149199586946702736595118334117543358975182
௬௱௯௰,50041656505890432995309583328034272583043428795728127799646441954679044251250
௬௱௯௰௧,32456995934302957942803609410458371513911408024799522159666226335495823743592
௬௱௯௰௨,81624033907097764068154171615812419747204007475484144393919125991650752582506
௬௱௯௰௩,497778128243128096208068948401599462688101639223836714611488825512987711797
௬௱௯௰௪,29434803230327637397519074529451620637318416297316970115413211660028524236257
௬௱௯௰௫,8375128510061425519819158538291292465291918414464358555855765249067417445532
௬௱௯௰௬,59105376378750478334048798894759557923662703977892567671040828663262330879807
௬௱௯௰௭,66225728996583058714192702406530024063583036503204040125304095453439938443852
௬௱௯௰௮,24147798552947656955637681916960215745424246425960127860254008827711147819307
௬௱௯௰௯,53018820435352408529497770786374532871593646021072284060741786822156930209576
௦௭௱,84712464671869388863642151111638403218211504113131763349935326320950733005085
௭௱௧,72521769020456960692430510118874618139908546261147775022941064400230337469062
௭௱௨,93793955314555112604348936791246043751334543580239909524588482558749101373938
௭௱௩,95538687496731151623200544453990356691972651510526277159333538203251534737547
௭௱௪,15939490866778302392649670912846572076015606757744169668219067494623880026632
௭௱௫,88051675907406518539987815249679451757748640908379470342555895331515535528222
௭௱௬,90590292820620212390580573237276309966066559158720632587708492527580851056313
௭௱௭,22708252545360204036516389398148596521112760343403190215875412757824581166463
௭௱௮,24711183347247953268833339404242029893913694462080904441884250980365518927418
௭௱௯,59946781907519096935580163463664632803837611124861139331201864310267562103030
௭௱௰,30046618135269461865588940876965718403926223907512843780140882403879023723917
௭௱௰௧,7004561033391665193474192365769577633060554274781195499710889847844555501615
௭௱௰௨,32991177285391759563010764036165789660150631105889070230829431030659276595660
௭௱௰௩,40959886520523237495358347788228448437846730430938300187833904672628493263299
௭௱௰௪,75882268016325222136067930281232742783595551912203027330886623887793197344114
௭௱௰௫,41257282119733368655434622502340607363464674487989097117914183309356396080261
௭௱௰௬,92995612495857051665015940663947659596309643203126487614271931307305813961761
௭௱௰௭,69504365121278818674270543787726055454612472826605167830344556196339102920160
௭௱௰௮,111034289325295383838115815321383684490239092574317555476081647057471409896515
௭௱௰௯,46659703267404622877870757875840448405729804279529790454655034038078458961970
௭௱௨௰,78176944354074647678860058122911498357326899193933138706200028433936149743711
௭௱௨௰௧,95438410717425095227188730993061490938905633466418443139720317033838928138614
௭௱௨௰௨,74608154907920497966405441515824599885390822821778308706993693596989096077516
௭௱௨௰௩,18410325772842390093147554016479264760053997668285026007698371715316333699638
௭௱௨௰௪,87724745969590979999765769496295480570690206511794264934084443230511611475844
௭௱௨௰௫,9940300237750796128592326014307814074825398880601749395469988878999975061668
௭௱௨௰௬,98137195137506883290296155432257154037812441655063910281701237303196151912995
௭௱௨௰௭,22924913195756579328894197955779147308463057570611789189494735341482771775077
௭௱௨௰௮,49830619605441326668411040391163918500964859655742607093164458671008316648548
௭௱௨௰௯,45277081490964862515751623386716315932898580362495680519055230949424276729918
௭௱௩௰,21322983948324229179620269689517116721763432486531719876525639690253062339441
௭௱௩௰௧,24761058103599504691439022260079319550121498914149028222729024361883518854399
௭௱௩௰௨,70432581600755033457295831599215499561877976514174068682157930378783144100205
௭௱௩௰௩,46277705583315131667797827105613691697694980459707036311851866355429458063462
௭௱௩௰௪,107420192941524086242464162167050215535405190960680459439363257520689413061663
௭௱௩௰௫,77881557818768798315551408468025864642340542925050922864550765609268317422697
௭௱௩௰௬,94242632220970468769454312679228807742211023983481713450208066959504386210606
௭௱௩௰௭,79362426265225765107773027396061972757567475655069104429915189743155739002384
௭௱௩௰௮,90798476974671593116455552075979333757752489858802964946452277008124192978856
௭௱௩௰௯,68655711281961291312652371085852311168942272501026136492470290272500238219702
௭௱௪௰,48254143876834874983763293184886318551226885605555733435722346748459258799217
௭௱௪௰௧,103469359278734458595379990802903738939269762625882709733988622165654199042886
௭௱௪௰௨,94843226459147705657347106265127278893859014748673729187596440652784162268196
௭௱௪௰௩,94221410744038353199346107310572620794765128657233863571060465597274890364892
௭௱௪௰௪,22901565742280996195948105321243268655744548845502111919467839901260388908883
௭௱௪௰௫,75111226106797303279190259206924797804821631554919808842001752974426520475179
௭௱௪௰௬,60061382739541657403632765820809463144297936904445004053228173217993510788614
௭௱௪௰௭,60756885595105037715526486783092187253327820667325601913094916729423009103755
௭௱௪௰௮,99062931189628583225095042118642424046991435364552378697742793993960089427108
௭௱௪௰௯,85948084588240842003678491359444150400633853291860833575452890441498326034214
௭௱௫௰,82942876651361645994087270262112396330757721464265266312602147724546112110838
௭௱௫௰௧,88625346756594505452118539374604052199498898718229322612824580291798871071469
௭௱௫௰௨,13331614099685156132344372573873238425470148224437876962053686585551188740951
௭௱௫௰௩,105409873156477726924495621129685408109213744492566012057064676612123192456190
௭௱௫௰௪,77722743550353037614067072371609231117014029977050252313986174955040182943407
௭௱௫௰௫,108067041406280388678593375133452744402878977593595593160680532481369620024459
௭௱௫௰௬,48423510938445704033375178753890524455429804723057917570958413906984065054889
௭௱௫௰௭,39914807272328263457812656052380119700069234148468524935734275601564106980631
௭௱௫௰௮,100181295531725580611157820498414611039340236962504542152393217347615038573559
௭௱௫௰௯,113038550092276324135168784683908513015862764067018666933721696950045154265548
௭௱௬௰,12574604430549177424604294431985134667579965865821769966754310207025368311464
௭௱௬௰௧,48783873939079372546296093486318384967674341708647028463399975922715115878766
௭௱௬௰௨,57243250056556636814445202571864552939398243788108008155590247321392249573698
௭௱௬௰௩,6327049255641818748154239990031119629378267341635070327460448000530765971864
௭௱௬௰௪,53813819813365211596274012139269118491925983785794712946323733969052353966744
௭௱௬௰௫,104820198364864701501138965608278986178733330679547994715788031294842623892319
௭௱௬௰௬,15014327033017585474694904479275810583901408210270806569928321144526683048869
௭௱௬௰௭,112258318795138650221826094689656563855792712770612592060146383426658260205523
௭௱௬௰௮,74118513416067319729509122377067195959955811405738285275039539557795129663919
௭௱௬௰௯,41580546455787298973648477153414679081336325368338563466922185252963889317256
௭௱௭௰,65830918641451537669932971500820803530256498016965769220111026876320773458232
௭௱௭௰௧,45088321610067176968233793558263885668430101232773069673613646671808568023501
௭௱௭௰௨,64045931170600691724949775844193147225892301171366032654964725989616009947717
௭௱௭௰௩,64230828748664486063031767068520732825095322618483187811365295769275129525818
௭௱௭௰௪,41592158303760742397191064516916039104956879210704342142749165978157430394353
௭௱௭௰௫,18042282067873590605932436926428405080336118015960409919431757719081749689187
௭௱௭௰௬,82608712512913189920147724016648017112838850139307556726494761670515845379697
௭௱௭௰௭,31556225955288481412070896066575663786973691322522731329859708962713641770087
௭௱௭௰௮,95381216643794858964033561101385726799469245203778487087143806387640892197110
௭௱௭௰௯,104691907569733847649527899572272663361447536160458151357612714391506893895358
௭௱௮௰,34211269275924912485901711276845180423938225562212305358856367530859715820072
௭௱௮௰௧,32562596809036302515601278356618571533105001658202652408251242029756090550826
௭௱௮௰௨,26823712456783660348649952798240127838984807851560158620840103404356274681924
௭௱௮௰௩,66104603979326310373542090073713325511331615098591602183218566705945405727496
௭௱௮௰௪,8460141357163497889329624890017033835426354074574261770215882117607940858156
௭௱௮௰௫,84756542342198472763144309882892920564085865273018308556606655117110477321086
௭௱௮௰௬,63733083268221710262778916488007184827791109821329740422404320708507270151664
௭௱௮௰௭,35962946614231379660140540389220303317928520244062489322785010998968308189549
௭௱௮௰௮,36677510830395413584969411486747519440709208675006184382547077378775608264611
௭௱௮௰௯,53319284383075681484100110164628173045086085911625638261113313752901147799123
௭௱௯௰,50448002841809544303960572662951385705315048243462617074296786129264967916142
௭௱௯௰௧,97210293388505736123420034219751659044364535481917760144254669084256077022682
௭௱௯௰௨,71749835912791650995769767611734362148624242698023993747745126604710197661794
௭௱௯௰௩,36644957578236105636298501998444354512463873285307622662750298936596918722039
௭௱௯௰௪,107502806129840194550610096386362726279241662229605841466699958122302371135921
௭௱௯௰௫,26190976600206782928663504275707807377602381031747930355484155101887181368955
௭௱௯௰௬,94405967891491307935428455068395679995881201313654924942546043902199606839454
௭௱௯௰௭,2957064555718355604090843245469523538058459400759652188810447166282869125762
௭௱௯௰௮,98549655658732883398365992418192501141941239635786589652392985252583787998099
௭௱௯௰௯,92373143051446050551056342616678041335143650196876378890755401276311066630137
௦௮௱,104165340678361259967709797630748779232919241670108599547893099832780982157177
௮௱௧,12646061137668447954211955083451227750060682617905805571940343154488155413095
௮௱௨,114261054832072902230191827265597482320008240734240508140960176990045392310604
௮௱௩,82662622250775346621159933119466200452593255552458077452126853637758280719248
௮௱௪,83656865045812969194873888654279328456232795843733059431622309484548491451392
௮௱௫,9439361257241543044416741693691239016122753095660269842216605808638651654817
௮௱௬,30086253088815376365204582754858636467556260587037569251362342032031816586797
௮௱௭,101631779791528522288724478596284699447644437026482149625164059896097353616031
௮௱௮,41490261791742403130760371017088332493100166855936477082862015000342958784270
௮௱௯,95228418265515164831418652559449324029530998566657324336066555064981082830479
௮௱௰,102744537577350730738393545528681820084547506353899960608431195806415244458089
௮௱௰௧,90586104771205069912680648454566647472869445787169579524847925891706866793244
௮௱௰௨,92020436619624104170624669407212753758630281299900124711745651502655645320730
௮௱௰௩,112377739858025415782674159599029131620911031674251229520491832411053148979851
௮௱௰௪,1956740325242904360202489936691543860822663057407315404234228671632065952116
௮௱௰௫,34949964090843299106514727172132245274318183311866322875479207172551735640624
௮௱௰௬,81128315335285647135707917746492783681577412391628866962259323834762150401518
௮௱௰௭,90110251485419198685179153192961381982631895682959909498481685188652118640519
௮௱௰௮,21140037417803490457262826458948736897946949848562601787519681188089442584554
௮௱௰௯,7404351036917641501052880063813620427146601998972597233712719733178596282782
௮௱௨௰,84453399977604664546837561884754572190339742614153435968122101851034920292165
௮௱௨௰௧,22203977641590705804597526971891450484820232567408793689332925598062156808730
௮௱௨௰௨,50512511789448974722027683197782865455710906881059353838898883323433535218992
௮௱௨௰௩,77650426729520522766445304273888626615724367686239599528032948347055886595671
௮௱௨௰௪,23790768165692338106855975122982076083285725432873150027981827678110313038853
௮௱௨௰௫,18661713777120527347004927930018281604262057817040470306507945664654515063050
௮௱௨௰௬,73992039894973439264908958201034067114285985455443602220558987031722385741660
௮௱௨௰௭,45705058423391839597045156884380660634626219574217167815160971681750879167441
௮௱௨௰௮,109486825833707889990068242093254942066333103064763082538390008566584029338883
௮௱௨௰௯,73829335433920871356151889379802697018989089507543919936058466914041775190698
௮௱௩௰,112665022100446154249521124706377806969532020462953271083244624810460669707418
௮௱௩௰௧,79258141593565218279714796776562261505380338156759134039813906172325611756596
௮௱௩௰௨,94737926742824862360455739202664334742842871122366158296905319847997854103503
௮௱௩௰௩,105564246491573888508532938982119249930630540822923602502338163648764219238940
௮௱௩௰௪,33813769237159237722851976260183614048637618911614597402315169151068403270271
௮௱௩௰௫,43279914315040912878722383459367634875897927359673772570907988658344910851783
௮௱௩௰௬,79458328308176942069144251224615073754197640133419802307518041794264840440882
௮௱௩௰௭,77283820154671886516263376659642177263929451966107732286817871679391733811448
௮௱௩௰௮,19829115238664114348674573864040996498353389740459242063531599778002171048267
௮௱௩௰௯,103509974362454295857445816672943181052900146305507760079616087762134560702224
௮௱௪௰,102134386387520405793062620970163289991779806200329252552425862493401466443720
௮௱௪௰௧,62135212655924191256974799124865747742236791558483755388184559895404289113668
௮௱௪௰௨,71581771558991415944872790327181852369363802030658530593039518205188788279586
௮௱௪௰௩,91887723895944035723540156838934824095752645396092640704242716658183908890790
௮௱௪௰௪,29069983081582029254832494598022608673653265258400018112008758888277091677828
௮௱௪௰௫,55957374048747090654010408769085925269632022278791427324097157002058788733946
௮௱௪௰௬,4064722774567007792091120004557414186525984796618102783944923501497296944239
௮௱௪௰௭,43946708406269341186949315966695186701967194925283821382114809186150057429080
௮௱௪௰௮,83887040701259123059411526687042808115817863366807821385938748159525323705961
௮௱௪௰௯,21829393175662607869263686362397020552590737275352674446018623191215393883476
௮௱௫௰,30693065204783602704032066015230443194970667963620031834933739986917827768139
௮௱௫௰௧,36606826189266194017944433508832869780394348597989727102264443533322390935590
௮௱௫௰௨,11659639016857188725942920838673224128925971692944722519082012144491953631826
௮௱௫௰௩,108437029245191305192590948908316311911193513657978884796463807232118347201855
௮௱௫௰௪,105046234928208727323546166153180253471446836677946291733814117782416125724892
௮௱௫௰௫,107629298201512139522044777970523868998222455644647762303758682522587056042116
௮௱௫௰௬,91060560657673241483867591096463698928491834903982936444910506321187998891662
௮௱௫௰௭,91484374756911402076778051969010649011361971862931401097011018469178996802399
௮௱௫௰௮,58614422224545109106188211391830007641521577345739443418669744204798884875736
௮௱௫௰௯,105373937598542854629500776177215924292645695181359194204586021903025192600359
௮௱௬௰,59943421389375979153989693096656881998242300515114872718303532025964138563265
௮௱௬௰௧,5813745709107081250672150643208378363669257726577203555795907830124274181335
௮௱௬௰௨,38213540251726527821021677633726713578626763178270967640403493127698329613501
௮௱௬௰௩,83504982668359795121255312205073703222000518454625548532744738283642592765501
௮௱௬௰௪,69968628750207092387742589529110116731526439187325489020692552088712423873700
௮௱௬௰௫,25761472350392684548198942971890150247248470552097329843794066142368754543462
௮௱௬௰௬,47411522150479152481333584883857876251686378803213673093843050796384511091773
௮௱௬௰௭,78557068769026401432744509817768644274043965684053034833583497352532032903628
௮௱௬௰௮,23967926735220496805038960126037894441436932701680401284661195771857084888632
௮௱௬௰௯,83033110699128321792398286454610789840092174810984112161895415750374871741961
௮௱௭௰,5246097363658805913496571477128739816827032124586026341298216296410239573609
௮௱௭௰௧,103725051692734736644374351058194455784330837535080960017027164610627787894169
௮௱௭௰௨,55637416493135946251517938405371789873983153609091180844221788448361312283025
௮௱௭௰௩,106221591182268936964010719335738453503611991304619247537660524856583248671132
௮௱௭௰௪,26210392502739139957660584599829662551830763101477499482083399236687338191794
௮௱௭௰௫,87337445103866741264427627607396689894311594213435612371028435827099438798513
௮௱௭௰௬,1495234114603414758851389757002364904362232715313021816855062425777310097215
௮௱௭௰௭,11859497135665860887846469113397801303024918565423311661314439709464823013058
௮௱௭௰௮,26178619960572503509420322796549951702929481110941332545509195253629531420593
௮௱௭௰௯,76227696185998018169889249873537172622069577484943934445092448896024364881382
௮௱௮௰,104202421366743863877634567097309130703800763829248927678183420463607974072986
௮௱௮௰௧,80639238313224717721297009607582886329971837377124111488567720383935202140723
௮௱௮௰௨,25643481943427049197618909044379879445100662834345110716405372335334823534957
௮௱௮௰௩,26381176285573216481699737081534656592695863738697221558077819210999393862271
௮௱௮௰௪,17026271785557834759801217662331767949282951562590934338965043176745961672717
௮௱௮௰௫,110735346453494754807955442822895522003638344902681060914709492131214237126311
௮௱௮௰௬,105696952787555094407725077901153618611218297639641352919234009857568442393275
௮௱௮௰௭,29134321300338376047194247491981361774225350198874083048995160718036297305611
௮௱௮௰௮,77847216585637081648974866670056891451784676939856274437810852790208970920130
௮௱௮௰௯,102752730753889355436164854285697912916503585211710106948087018061193854237843
௮௱௯௰,39092088696925280978324621157743436305286153685224622904869454921271686735646
௮௱௯௰௧,8238627315407225408898602396757460200273250058509988909389847255372346236588
௮௱௯௰௨,34012274596308389509436943210113381239644552878787978663380902691648426490525
௮௱௯௰௩,99204199149052659019967713488696320378215678410925749624426972511755272910793
௮௱௯௰௪,38095923092232906787522332745997903565604868635987140501598221012280272874846
௮௱௯௰௫,88008864518078993078076850513347552776365600074740727168957722096901135938533
௮௱௯௰௬,90620013740841573477139874730171863152463324430364655441127446155171753530024
௮௱௯௰௭,40765695853922662793991050584584562628889099885605470020535278787547949033074
௮௱௯௰௮,19014267298431123391866841512425443563763515043187507711363577268088830009548
௮௱௯௰௯,51954805910364325085254619428844468024341495309642529833585498454396789656314
௦௯௱,87406823979078419005840031036764149719845914287416204276316984955148679608482
௯௱௧,95220321508616483658428035726675068105262558462117089414355918233270657709531
௯௱௨,29584939272479608986792096311714221525763068511851094255795764260975880597945
௯௱௩,71354407654589442952920869096636181724622000914914321772136674846083908655358
௯௱௪,106459085344571550421120691147675149721585450154063828482235343009849387615068
௯௱௫,111502247530444064734220351059312961269984231724897362942904323333327053935304
௯௱௬,14525959510663125351690934311584768469053226655208415563903491598653506827231
௯௱௭,36206670358080178669247450770305718417826791749148840637415677937788263673633
௯௱௮,6420721210025991699617301890803805854110828789553432253041242592676667095883
௯௱௯,65839537261047734687571524479984730899378751757228414185751397712458223649441
௯௱௰,75349032341427122335557401622042410853472483053782191644015839695785662148426
௯௱௰௧,7619360902059870620368401202430051546172980741993728048491736834545921351445
௯௱௰௨,51215983112808871266058008433082191075856951660015336644267648203283301036148
௯௱௰௩,8914839339415860912587438317483330594738960046331391962813214820337230720985
௯௱௰௪,72635288920403276563994816015973119604364653075691361777918224653330049665998
௯௱௰௫,35844739321268342112700601175367887807784890759367097971062727991178498449279
௯௱௰௬,47753187985188913022717921100456860585809416361317187691211359216942195085368
௯௱௰௭,59709992862043027495466777863209486490499028110242435771745367642793416293057
௯௱௰௮,34704502663416999309468301895755867629794404720647433115631250653617490761122
௯௱௰௯,93826004136018597769296697930569587826819893011995985578826460269560922246543
௯௱௨௰,109125767522866856480232154741381472090134638623903132248180438481491685178832
௯௱௨௰௧,69987989824845574363853380842630689518792940935203517030409195347780392028517
௯௱௨௰௨,5987895395079267720804381568565302323897723065381274945883734909032514029238
௯௱௨௰௩,106579171437283231891430642240238284662143493258534773847021508808085386902851
௯௱௨௰௪,110731789913382718181500432370179595137120458316546781254997103675295751341562
௯௱௨௰௫,21862829449492639599113904160660949165572559554088962295600323976518970635409
௯௱௨௰௬,111779790779817603022156420030784043571531750376233034679629907985957897675039
௯௱௨௰௭,91940199942348971466069217402421578469058007299724451429660046071219449359951
௯௱௨௰௮,93391423352440380995051754864095267021499440691726898154941652430137363876897
௯௱௨௰௯,84609481630327951262624103468232998975156674149023580542123279906618739355080
௯௱௩௰,37897439696893345695720870971993299290246704020096644520134862753358481036401
௯௱௩௰௧,14978730237752624518670239548943781234688026559223581349137385624815403268239
௯௱௩௰௨,100942793155319665508676200615418531145621779642000210677795304952613069003011
௯௱௩௰௩,14447579123027223041717462701237090685074381932825630457425185471705410843167
௯௱௩௰௪,63855775891731910740751537067150031109354795194553087133981024241475759293497
௯௱௩௰௫,52747662950373788211695226425671364698278256626156377347565673067789421942122
௯௱௩௰௬,76041476413614989812153609925490059466650315806557599513877432028197535725547
௯௱௩௰௭,20343815542077436281012956841963600347266427290630215176256028387231910730393
௯௱௩௰௮,107630307258423004004858994351138695793493541115649834490470142789112686624738
௯௱௩௰௯,64726414404595957694891083475229865346367149008370528485647491716129735471006
௯௱௪௰,57429661657437870374482067115546951941805077139779202227172698890062687389398
௯௱௪௰௧,77965938913892267040617811681178685099140100352093243079860760680089740078142
௯௱௪௰௨,73155486376337952775915323792546314264023618342415586098425107137153079953226
௯௱௪௰௩,40474809050264210198674133272814723376931890633931099068443198532679000725852
௯௱௪௰௪,39828771532037665040880132382791059120650143806383827534725527395208346315646
௯௱௪௰௫,57397869148552462204401710269001444372022030839513383829011348750909845853919
௯௱௪௰௬,15438027739061022521314034893913677920870142052589411033553610575300489346061
௯௱௪௰௭,15147750972438314286834783311335988293297627806562131533216513016975110535377
௯௱௪௰௮,94320644794185392398679835053545728819124016550470489850457848905525317108993
௯௱௪௰௯,49116154009144505994329261630344338280717182461555007526817266792608536516428
௯௱௫௰,65140380586700357193158641802490104943747528556374216290080202831027443450798
௯௱௫௰௧,53646373334610482457976513712394769163818536917792104111605668004803070609115
௯௱௫௰௨,84262234490210750063104017470325162241543640712901169222082490165085687917858
௯௱௫௰௩,114266794611575343030311892695987567304484324326234878438362300113731318667705
௯௱௫௰௪,69296312660794105700789380973705372284532929181335004124075528370398079047271
௯௱௫௰௫,97077501965057258905614325698989765330477133522614258264702109760030396953586
௯௱௫௰௬,30113481633122118949671262861202892820750141224212597032737622876766347253155
௯௱௫௰௭,101198582134410069697159142648986376210834606566666962807548325345321288227631
௯௱௫௰௮,41635409194935819411619249073050297854160449851243579389429615817508915470842
௯௱௫௰௯,108739432510882180772851938089220941849234995567474471082099389673260431839449
௯௱௬௰,114417748325093227794907813190182098450003596466761333325204282562872187302998
௯௱௬௰௧,64047772933175058980902428051942886502939133072239150053475145397206470244010
௯௱௬௰௨,60599012992115802267141796694963975710847044216186780562368450349343519528078
௯௱௬௰௩,67877594982485584607109189661824696074006693183867682131878296643689625864250
௯௱௬௰௪,52624550191398209709232397328816579605794965129028961181467538124495186829087
௯௱௬௰௫,27306467430122732683042887923007639931228763932079705773663323937707113776204
௯௱௬௰௬,18922243649066543878549510106416433125135944513910746239674823416756516273822
௯௱௬௰௭,57876343642291557439200736736311431082971468617856933040122540820468167711167
௯௱௬௰௮,98419439280663478182386763992554572124129491323423909134262999221663008261223
௯௱௬௰௯,31873925990031159756081433491919020662405799453052354870523242988214705869605
௯௱௭௰,22180033989023661081051732998603581550407954615581977632597668330352332046870
௯௱௭௰௧,89926431189392729714638695902843293177551142956061666106673410038011985834896
௯௱௭௰௨,92174185296344134125729357099974861890176439347352635989637920955370532145416
௯௱௭௰௩,24514286468958785771824418883392719378044173594657983763425146203270599108899
௯௱௭௰௪,43348756696055011468962118914622803923103369451436439361733512935070035895839
௯௱௭௰௫,83992432953024058482363606056806761977684078144054577678661010091096511188378
௯௱௭௰௬,68703387001873220157367829940888286683961725301819901432744665019777358786423
௯௱௭௰௭,101543202997454650402939633613398122216864579843335845389312181756704521876564
௯௱௭௰௮,15609387078509786049722664451910772148271954570466721137188564056821528144384
௯௱௭௰௯,54438989898534200289743230112987884470231040484363906250959854218317183640914
௯௱௮௰,4222384429341146206454711767819046046183061327718126715427531162776847886428
௯௱௮௰௧,6108422987676978535112202345725410258719379348311179781589673130291477332868
௯௱௮௰௨,101230418023177805782805787131828225451866282735552259425464364220019099760338
௯௱௮௰௩,29542062412389133689788208574131252666936531578142122342167667864140626952123
௯௱௮௰௪,61349337870661992680518250604473074905468869202595280240345657472513846323910
௯௱௮௰௫,61687684471545216080139243050415952208528862673959097952409981674684259922332
௯௱௮௰௬,49580743895513092824551631567952134891034526450580679067195262142636061822574
௯௱௮௰௭,115218711185695635959565815095406536249893918555266161456384828014544426198694
௯௱௮௰௮,60503634195760839918330580565696772238690283126106212106510118271173104183399
௯௱௮௰௯,23028010872531338494753537650789704056467913051942093824415435394771836966023
௯௱௯௰,69083304444560807265436060615664864030785399921046634786457910091920605861295
௯௱௯௰௧,104471898677027407130261227970165715293554893284997644211600608478994973926920
௯௱௯௰௨,37826704434133043273164047976885677072099311317486251329322410491416619608235
௯௱௯௰௩,53201829590401504244573117831022643610699540533013283041171093448586679862831
௯௱௯௰௪,20330876482576294210910728059873946734757721998198429320425763851469467058272
௯௱௯௰௫,39366870090567147905815410872116420051132754805321753049550606221196975038564
௯௱௯௰௬,96497090233857628817641325198238041280056123455996462854458612333848682338657
௯௱௯௰௭,45163533503242894969788938470570989453938520236408625745148093814404578539868
௯௱௯௰௮,5651872647272312161763139316747714194589658597585312763749291238636726987594
௯௱௯௰௯,103646554849854911023719138854323690503017833576223764031418130365856066419679
