০০০,7188607429006920169879111274257233848431079508084849032997140865753710438941
০০১,13532942233589371792200946984853437367022375957611179848751404613275066935990
০০২,95102466268953724535603097782130046222156506187904873211453304033078917265074
০০৩,85792953432396477168018802974505443730020701372189498265664094472149703267741
০০৪,74636449113313208060701939034904458528598350084767588585031331923379991095760
০০৫,75948673626225961474039328964457720594633863470011854127339634294030687845354
০০৬,11332553039614143002275310256308918104394218469887412997947556563457711958102
০০৭,14730072677423752184569891632009061512508393315932639157925769065472137036804
০০৮,72990411942084194615277572996972481714158115003552799358602168831385708635324
০০৯,342620464035826340025314172536654686915111730936061603010084894246876079873
০১০,107428594770164566163187509342554165274001749727278894614413714536099958728928
০১১,22676430857308984364166053390317300564746299874358318287708548362813029688742
০১২,77002772891816940262373120004661451136227708571621612000984068386225410968952
০১৩,71209525579170347273547381034599280727554631342604297885868406819490489950987
০১৪,42956505012614236303908047647460876339848311771436030220275503730110768622048
০১৫,29639142566492480127606402084543754136886335796052530252477182564006425089158
০১৬,52551112571654456708846660717976668785790806549330783828206289603718647093060
০১৭,13048182224756161419485386617950734593892998392825844314948626936225922714552
০১৮,42611383544254304431240502901527230899581893603022353760962289612479725430269
০১৯,40324842002752018711001291668895288624996381562344526763080991973146419415141
০২০,97010794552621375684021630936364874460148056649091187111682893835154828162717
০২১,50110782327242016609286665153486119594058858667778853441026312414719938896949
০২২,59432580924429146730594652022998822809502594712274109556659357371397598389073
০২৩,43630980776896600235233592520589463993365677353283523288374540294049816202147
০২৪,33799942207218132100433075007946639841809588659276800211913426037247164445510
০২৫,71900041545501480732133369000387943775149481925556500653856992848345864236829
০২৬,36930050429986161468638966381602259402663896112962251990246100680167789102557
০২৭,1926491866284167074789297990151148446691163759649371753068888904721245668843
০২৮,95711796893766532824097866442027376353949229764434666714996011609487901660758
০২৯,84680616145098345904327328732817280237711840137865402434729138224269860913987
০৩০,16864647063849218054949658165761372161575491913239630673966061675095691636976
০৩১,70995574621031608622468531772094215229360474351352537151692750289657932242493
০৩২,113756959935236879200818917241202869093249896964000485669728880731821772555478
০৩৩,86970548821415599774662611300516470637801013903778181018015462109579295915858
০৩৪,38484521204755799100750522981326050550290555858670627505773670242385287244306
০৩৫,87784097008340228912605940765788404521104117672813056948066475924978020742947
০৩৬,76965596764461350904626336618295198625671423570546660436586169275819534392623
০৩৭,114091116329748896412974127778614576635563665294038491579123498596619110626216
০৩৮,9074706068685591805140297547507132397079933491464232293451998178298910843463
০৩৯,25710363554221657822530652370347676694790013702581898196692563666993934924385
০৪০,36450058942076471421773532498199863700485505658803971587071720296378932918963
০৪১,77195642155405335983643672438006467925785902003749875640472754687440480310520
০৪২,10558156546302382411603758932104529801602477114964518124277154503490794405540
০৪৩,92492073070813314776200455275165683041298772037218988248510385649445774204234
০৪৪,54276938456907237184208731028266125341549625131083617541242524423069972855563
০৪৫,75513583814388511538889921145873198089021771324989248457681039674369690528539
০৪৬,60368006012638041941471108256614860791294089257807504729573017878859380696680
০৪৭,110301059631679398319597006753700772140137461072000650846844353451046394924518
০৪৮,78620827421113140993259806033862570077535297531840735255715864050343675439085
০৪৯,46138341317153630827580401872268122987761703761338009246058062567187026838541
০৫০,86336872830668668133885711553791432927918560483230151823109696802949744592483
০৫১,78304242986878031057585319815128276150708187594938090281432577188302662666701
০৫২,92578893887913488573244816833728535026696888676348195944716801438613759544847
০৫৩,110848252814181936214253132149085242726720929693690340753468581866706866909889
০৫৪,61497242168446647015840547611584258724240410224725833517411473756429366015960
০৫৫,26228568669409971839086047746789112631147950800218069643832574304669859489193
০৫৬,49957378712870172370836753882972578092428311981045524426224473297252334721978
০৫৭,92619546514972409108135646251237823999138148349370587431112787411823852955616
০৫৮,36361675849890673205064174266686449368714379290927967203079936051345369315934
০৫৯,100122146918083903358531305021503035126787862356890364882898237271291497010242
০৬০,93128442711215415616716916349292499127216657790475865791643075154213659621080
০৬১,51542358126316691557828488927895807686017560177864019082976134754848733081283
০৬২,47983466460728356972939097139904461240528721740142422666163788873316721468697
০৬৩,86608923607394735566114102956552303996643224311192755239950443951061527958289
০৬৪,53039507197413437457783251667754129357140910793800088036322467241548629001378
০৬৫,87840303590808426949073409215963031355873455810809143944506608000800247992009
০৬৬,89761477973980904686855175920330300673687291662188044532803740584898060359214
০৬৭,59942073648948873094870254996542295228638638838022442429393391764651725734423
০৬৮,110260979508883342539782620916490833983775740807633501307953070884794828463177
০৬৯,21728585365471140318007486228012074234687954307267809010352378519535898257443
০৭০,5455508362395390382946471994701541952278079064889305272995588636618478609777
০৭১,46308378081568711192864288483296294171559710864458404009175349668081564382762
০৭২,22210169369219085616722283661755963003369676536255691466378487493080818056882
০৭৩,110563562564354743745735867193156323513478585251224865632703047675973079120701
০৭৪,43244985747656734767099809254329336054926090692171472397062792211843218440260
০৭৫,88919929923772690017288504203807226747920354578950995612998800255980033331109
০৭৬,23136411466706279012045534321589385727560412387598649062915589912186315905479
০৭৭,90696172866686992550804483997709753816228618608967764522752176648484579287861
০৭৮,114558665612927037817420161184989846996445827112678695102137700923227236942576
০৭৯,50083736232458082204995558788495659048011252579048894774512016712420643808397
০৮০,76639635550244156165404642999947623404491430040902263082885669823907272880507
০৮১,29044929357074256104885287040971345407202757703077109876600839421510386799915
০৮২,67452669442481492873914561801343317071908884427210446074026731114122731278481
০৮৩,75937524261381439047904087517796988007653452697118383826817888312153026896
০৮৪,8272971658758121058530936060560257509358270635971114576034247276135631490657
০৮৫,107384270403614470807211572436140945883431410271164436611224597109157429824262
০৮৬,1570703543169028706366833930485401629328821869364794859520786671906818117184
০৮৭,22571290341395307863182308144456869511285897686744574534994335154383444359068
০৮৮,85569847310415981968064202125622271139158167672044476537867770311296374652581
০৮৯,107431930392733830792099656032266505515309195389955656789681151340789942323965
০৯০,64953633052817951842104673735842084465392613902348397111080672863600733493983
০৯১,75426957827867427024083421640217165436870491732189531048938122008667581712052
০৯২,63324806777174629165577205765513616972083432922848205509956091594083743762684
০৯৩,37394008942389576273774667219291807300664640872063736650969136540561658884395
০৯৪,68596307697847113481776562369729403379887999363550571693118902349978463012753
০৯৫,77439873181230572142014429916477944470198871554339601637065629715004398544690
০৯৬,84042185198939724537515952641562987406387823637601386787634945778978914930305
০৯৭,103571324158501586822401139917077101317052417227677478808093102311205761698334
০৯৮,71872597174157256609387484106969841133292305187225906834104478394470058650505
০৯৯,48561664776084081035761116599286695549346397402813407094685783444254999270853
১০০,95147942103168788186876555800850866698601212322463386601816157326543422554171
১০১,70726087080471024162817499695671386811707392039391453506587124481008637325019
১০২,82295867213133289568750627807779127958027662467049449973900160230071312118928
১০৩,88663966731295996266490765207529418849952402084229002867092220711568427588530
১০৪,50955367741357143709172709103159402949852601857797360410113024321358590370457
১০৫,18275699208967735511316881943452303859314090675208616203242885449181997762865
১০৬,75580180655101184354530744085974427000372233095416909017391761473153674850460
১০৭,90856597160894950161843846289487142807038155631916178498706272582541185858740
১০৮,80360754831013986015428540341119725946148007335580333547082930632343062244104
১০৯,46179909650395837743510462952535373837930724991686700836084095964937777416535
১১০,22745320213537785479282409927304399264346157789157016409952088682780212814115
১১১,103509615493904796467188660299455282435390016822509866519696445576687224113011
১১২,57885904028017461142898166522072406581701031346096344832989875815139451571394
১১৩,56905469837986285882035871709367782628837703288233633966206327708239818069377
১১৪,18473001639877420644020894243542558925951784174903788345033918778229517913700
১১৫,67304545689638377207068107872938276246025958293826099863941677310894954198645
১১৬,104962194488413045801789460778025964191485530807548590268040066760902099210086
১১৭,99939992135647678739283871016333379310124844108045035818868417642692336544013
১১৮,20811171967302104845002056749523447660910631570692434931715119098074173469805
১১৯,83039878961305394922993610890689594113326708286726699852469043328422698268293
১২০,22807655413669033013173165515888742195156659843953457993658762856304405175098
১২১,16957088398156982036324443079845283990655233958567103127503413284628067323559
১২২,80651870464413359917647199150552926176804971885767613083897785434653807907653
১২৩,65617148159225647327653592436449548192558024547958529357499906904126340747344
১২৪,42832060703235198964209539019905575115524661546216546979735304834882419595440
১২৫,29562340969510542047540056603933296952217400673588797383586042863180574958568
১২৬,46657307930945369326382026995600767750166948463456987076374955457229538743720
১২৭,109702795332589023480713347475515837425101985357665159164705422189648548324964
১২৮,113564280451920475769864619148039107108067012419761002252677087667292484949108
১২৯,82020390455023955026423364732487575424149047348378710458901204458772696255683
১৩০,8144408621771849814647881524606818256971753867575957760989405227896543580084
১৩১,51000645399520617904461651142976507372035930735049149033350211258295643565332
১৩২,43475123302586686411836783752857000238265072326558759663207450705462494960520
১৩৩,97469231099901080395371073405226096187876583998137073969691685225557371009692
১৩৪,50146934570002163966602200529301783302176769292309018389950139528567083301155
১৩৫,108090059522438330117042433230783874985188475389986964223103772443408713096647
১৩৬,55765722947209956899605086965540709125449985933449500273818509395658341949779
১৩৭,51057039500244047691851018202034279988918818737572187499239529229515804805407
১৩৮,52653930448916401589913890042485954229464031623376573950238202881295202814849
১৩৯,33006840627789796276860950600114733949057477394326317390800410875817127571516
১৪০,67389213587634064021946974483269778268800323085975015062539189993410702942970
১৪১,36260245180431951764416107121494491189629923987726905541807457901131991182081
১৪২,87744482294216887635937434146742677958656310264954763943593405007988681262738
১৪৩,76676745565155518873046670014848677877102699468409921116515851475050809841946
১৪৪,99855644844741293819421461824624881927117204329455526070414050874953539822363
১৪৫,71235959389864035633129970374935012402480283474643946949735241027704373037166
১৪৬,59556776613178322195052937535789013849658154868617569559908140678083641565194
১৪৭,73597750026049862391014485411600141607511199205485473124960271308291517688818
১৪৮,105416216345412196609346384125656629053542020558711351076555103298071620166504
১৪৯,81441088665611484059061960725918044720052417644132289224698571131176112767036
১৫০,71778490993761906823661476381287673355254514254745504301753229058013658067172
১৫১,51453271866560580916480621193830341295219334430677019867941946899464974569558
১৫২,84756872315830999893758211082818552851775079126457386017916776018699001098423
১৫৩,23455189004113078715805268733533395725668192969520732927726473120804079650158
১৫৪,40183891656657011234578541043355808810232141671421696692667284773622245960549
১৫৫,24485520428600487106893112804887328057513402955154253587484223374740570539889
১৫৬,115568324666467194322338308716174118453994410704178214942818298508269503737367
১৫৭,593856751108115136903503531997844759613924555282596840688770382695497921218
১৫৮,7141322582122087187789856239430454760234763336166989351683679110297496072456
১৫৯,2101553937836920131275045802492407432427171003061134978792598933378813315300
১৬০,30149550085823336510687074758460951121457793527833352802598546282601728531551
১৬১,43722125372270810926112834537619737438426361861816049480512623927624469342955
১৬২,2457937414152560478813452577997851430141479808623575177598989148721037637733
১৬৩,5044267119815533884040352577376633467322475698148387508889199840206004351861
১৬৪,59156786719423287861707867298822239666726896738085602269532909951492351490737
১৬৫,69275639377286282256737054874528905897035259609561983340671473904046586094459
১৬৬,42270571548006913800538340964772985901848293291959310992612150889387409433689
১৬৭,104004605317640012034397723513171029052134575873312884846432105704102264251251
১৬৮,59026695713261589664129708847636714612199006133127218389652633175601566533226
১৬৯,71388000907770190329399390129786656940305389076458627370286335585386985770653
১৭০,40841635748372627076648855346175080143562781410086211071114725228579086054857
১৭১,46112406282207062026246934977060028934248236197223232011031883341078561093910
১৭২,56860221972529289028155031309074368819057613597518862514364302970819228884126
১৭৩,112807750188835533386890602945388826689131633016061849926841737254335059529229
১৭৪,65990269322925853523305758832141670756983695260019360033243618408319496339694
১৭৫,90489983277912955415823180363674963962661320385834258515940376062430547782277
১৭৬,36960303011662671131442115401305573895184941064543667993140157798185113601161
১৭৭,46636499072720673467693740648901159262772166954509540842228108881235957535892
১৭৮,103532021343519488982059713683306711842693449008703864744653246928825998648569
১৭৯,53274844424195072102260427744415266630575401376858805770864789129141098996846
১৮০,40407834491209531813885643023821829507750314297330962632970440020543560206800
১৮১,54835366075851213229387649935699695839660050394023915684532058119512397506409
১৮২,103200492633656074832983949696453813662545655326131857038662684364337092530429
১৮৩,94064343807815108666973114536571128557395295383164630194799311941291344772348
১৮৪,109267928660464215748912871681733428696387103882240409514921157214128914650289
১৮৫,92887453096334262352509026477789510647370409266868689618422837944031584134397
১৮৬,103259534357389896913754872859538953657480637101354384678278607817158334142850
১৮৭,76647743746302416272006576444562544547193414084098013003669089713459437330689
১৮৮,3737406851802971096133721893458045047599482230382629742586578974106676533814
১৮৯,95948401952324647392302476830591127998821515248475791542270365327519964870525
১৯০,82202709199859587150635962236429449251292425679793407188877398345119252576304
১৯১,43158821801272698927688082860369725246103104225562160489213408466605090854975
১৯২,26840942992593512726398519638501282940301806602848018673356032425897423326615
১৯৩,114298127186096105563431083532692262589585981822110952932186174762470573334367
১৯৪,81293145195793232398561886477274800911245239337099185006668032119510255345950
১৯৫,16740168000641669608294205833347126355290014206568391689961498398691967506006
১৯৬,42770769924163376403604541787373703570278639269669032395751940459758655629989
১৯৭,104820472242331408992688696504869884362796862218786525865950376487294670092676
১৯৮,87945123468460679154973899081880736030409470133086555173856756000165247212448
১৯৯,8230539092187967221934121052615462282264641900624873216396474421960105080931
২০০,115568068629979326917228742014098177465601961063068627103378883456089019018742
২০১,25705879679843961344324391570713560151067121339404877940454291752904528001683
২০২,90942637627140134598818068873462218956330056660359008833874940557959526824375
২০৩,105287875379353537970395730492717530225049613807444025737785139216253478776056
২০৪,59456126029306899925124546149628484533874151801014856207925449491147944275227
২০৫,104562935647592069433261950590545289866938768704637922316481341979917403814652
২০৬,74955347710532430963573573332177041280891577542573839373349924614188867222932
২০৭,99485736958273028021949506258043640542014035314630028504299649793931276386806
২০৮,43637161203122700078881708391838931114140799860284324288692387015741923753290
২০৯,76412595420724312236417398921955897504431245190733806344920470081015749998123
২১০,45194518907312269115515864860481925959763338088068208121892723588544859783434
২১১,21490450037350315711062259075813389801786674129957401583383585252171871961390
২১২,105710793878629318059868799714909670735754701319458710460790373430362203171018
২১৩,56505164364489321134362088158531200715430779391892851808066185864515913474902
২১৪,78908833401426838652858036770378946212484647262281121459380763554414179471906
২১৫,113985296129233197257459172173547541649714201997317399269802087977723478775414
২১৬,34826311563827162466170548417657725402856287051186019801586152832228277369302
২১৭,42753797738075186257472893613467896153212057851548939947253584666798069840728
২১৮,52112090672805668982996122280730592955024146765282581404337018478306281374627
২১৯,7559826265654538188476245002856074310403203018958252213331729260846676483987
২২০,6249064097998665774444534345790562212814305238240525641020746737057359129868
২২১,32262462079692525283564881483985346871568642250065620926549590763669815926175
২২২,53006100879883978661902910907701273895768166246668328605294571691573972881703
২২৩,24052220970360115030898369577281253950909637415059059088863091066715933958760
২২৪,96271427513674577608176404247885470018905103734201845808060955712519721862496
২২৫,102841031854974027876923963782767597342371551960465528610423468354072374349841
২২৬,81806484816084940836268501554734272659235987216666600179773748699204566485934
২২৭,95686253398043193775586915493723967652046093125074022901117404749542672285974
২২৮,34905028300998240300410871513048833712572203096097023257582851489394238610398
২২৯,46976447628531639718882471635369995336136814651969693457276941067989786548695
২৩০,83459837803234208887107964963587709187213062393591270355781526324167287989061
২৩১,97433020834865984972845927934036657046611685492139274485931190363939661563219
২৩২,1360656891509879045499458260633776262011296563034153698160073377322078655066
২৩৩,1157185919429277331804701271658161466940048431889318301278041381773998936566
২৩৪,28045846266834621565340476629960762961215494550058277606019358091670483788203
২৩৫,81844797367927798023560785381842830031982047291318160027285852446982222804565
২৩৬,13558107716573889358864196133629388036964032607773294549015976684940505842255
২৩৭,14272120812250369559523896571971197564618262997146137470691865630600987620782
২৩৮,50904066092551868541948857293839763282948178773941193428879571118104000653517
২৩৯,32204000349029271920893485932391196644637056229534064140895835430598251064178
২৪০,65359101043265942051276658515772128557370657377346128795603019154659891121408
২৪১,30646435866359970047727280196164685503950574669736743001546203508187149171440
২৪২,19563667651876648632849211930841486233219301779805340434342525663871490833528
২৪৩,71301888789224041652809004795501870074814861836804389972983906459179346093046
২৪৪,36855285120892774603851592090914069020921826057432346493035959446380088571020
২৪৫,92561044567290353841904715919577173570107686738293486001208660387985609717375
২৪৬,45267540123222129267518680984067766374506272806176515551651949074480785162853
২৪৭,61867388936354278803569615780074772868197134610804852092621503559069516210272
২৪৮,94065099214605321149659726725350292667595559864721065181670893979045904054993
২৪৯,91772976733371720007084392210000039968427356710571409577877904729376316405167
২৫০,91151651346251163130583581322328453119973495953080885894476484248176517998201
২৫১,59070502908223726734469119625261853855979922910894037769549195115227163245429
২৫২,38337001982520214713986679855581550954423953452517646714734019975308671660346
২৫৩,79884266186541753165363137519216004076969306031710101694323851974582370402747
২৫৪,14442035842412402233025468904373398454190031326472081621194026405544837013629
২৫৫,42756504533660606409182942739622557433141079336356168863775057048770416546737
২৫৬,41635488732771610189550627001222102346168384160763182412083185563084277707492
২৫৭,32347982370485013673020040191889326261154600670640303007718605215752094958380
২৫৮,23569900150043313949281713910338929450199685824803465682301960446038143628355
২৫৯,43953488492651558260483561638919552300007352166140993480029578820731535732691
২৬০,95043684048161942557294694732324165888824267992037072873309915928250335262580
২৬১,45488385965965444930444289084457012665389569042950893442604354548401919141835
২৬২,88650758365489962585885230931800548644156139712123144691930561000660992327424
২৬৩,21529391165286294405438452600112692845067764441295916839979252386266870748403
২৬৪,48960838261730252543612828770328399173483685671427142066808173299237988669657
২৬৫,94505453877402171902072898008972267041980532283960340210819049484099114855324
২৬৬,37530743683836718089691549468918774295761627042729343664759647443911146641908
২৬৭,39793762389465206191390588107301212968929179847962025931001728194233888931299
২৬৮,98170348974676418742587817443377995607068656222756381567660764286035435208752
২৬৯,85131821672166355832962361003833545238853579111295203280327131014693636306315
২৭০,94124082253570362761827957930617101938671117981214458923588563028415061620231
২৭১,71913969601025596254109883961588777950222895274480530476289911968594873576747
২৭২,13201025484064266257759274392458214818431915860231752329706335749462207450127
২৭৩,8898878371235729021184545989221999645593011560893386067840554358624001047420
২৭৪,65766111349961437297680514483600092115002553084743660215711288667897407029812
২৭৫,19720464194070536141863166707712913790682856087223314510329558532730104438450
২৭৬,99421151856487287123703252256435256860028676470191937925262185947969995746401
২৭৭,107628429521117689678666531238614918707927223652056451614246701248768554527010
২৭৮,19953379509484995628475968164772011710095077783088089123950913783172334928834
২৭৯,55078651246689599205590458040104738677222653202298394763705313743079225259638
২৮০,15123920862847815084266467224866536829966976016266758875440835683142185722719
২৮১,85287503533102260980209374393467388950035640709467873264268737942974669506345
২৮২,104958225715888183980647460714040246065512821975417507008035013136459126519813
২৮৩,49058294044986932857002540531885316530026847595471303929243010734568415312955
২৮৪,57371835064854676309672918738428747133016528752370264324086801185499590690551
২৮৫,45052327222998794250550338139703450465732726226171620541635563813687823659667
২৮৬,112400785258739961046621912189166667472053364215105326923010939481591847637718
২৮৭,14237874897891329113668931874016018013592470235940565586776710160453853349954
২৮৮,89315524127570181704277804636117333243976147409034653913450975842034780075091
২৮৯,99652822302523102794636547429705161386450968726069453181648115301715882404674
২৯০,98137917252712794309941159157062888471964382965187517283581771769382863503084
২৯১,10165642275416454159690220350138346127869241788284325285307265782289166875351
২৯২,92914005968067906832256312128769483975169345374023671544326675535822085596194
২৯৩,103148702732375860687564396942458215525232779115236750028731120947204909349479
২৯৪,74767408416594164174147160835748425081146960876098867550842033278148263416767
২৯৫,92734795224682290340472800830309640867813718909845307431103218708802646676110
২৯৬,97551429114284396495766484673098811560612876242930011716519995622273695811398
২৯৭,43515967034140205734462049780713945507670845573737268821340544141427376106932
২৯৮,112170603283535194312073584851860202106194514478745133645562326658244732744941
২৯৯,89053884397041356956257794807173882643654690374099950956998547409992572214592
৩০০,88189528243722894600536310509356092673516152249498013932153364719731885866512
৩০১,33959116593395076634440014616666917391714459842643389905474786721615538759101
৩০২,87151915668118245338213666724832166445293763966958231004877285933702144079236
৩০৩,29662644731658649150479144335759645709498697005147140197014243395441024068063
৩০৪,50349909872117229341159714170139553519926481098302808658075970828089797571027
৩০৫,99497829592479134793064084703277871243986652113491138965142112358492255555684
৩০৬,45581461327838363294234960326581955555541699687592397068448637131526664741719
৩০৭,108962493951897013557365651219083168072609191470096012925250966600349606628649
৩০৮,47099888361955573514227891803554141619817861611930800215774676305904478717808
৩০৯,54313435545908971290781874624807192730354746244080209168761550785277171325978
৩১০,98294456774823001233354339716905072229808203299873347403392327629124311032676
৩১১,5662806132802213504525971621176195493253686746495479779002644841802891731540
৩১২,64862815301323777827465265473249609908450438082382208883520497590866948445855
৩১৩,105634374602570811801735078954692741233888060426210336591275517076343980391327
৩১৪,93654287084718557699323038455458541489625160651494326999382409855504035432242
৩১৫,81399666253678361958332189641652744576176158426956712106491589229450153457676
৩১৬,6362447361315309601890162001675123488680923288869880150544147969400626657656
৩১৭,32677038816801204352581250246806525660439504502306058912336483471967612484311
৩১৮,111711745593803825312189673617418851439921876123877240086790109570270895560600
৩১৯,68819299988592924316197547859239918090079732582058274518281534095962094281890
৩২০,60151343291296895801160242708821453692173575793460663815016500140168164474325
৩২১,48112012301510817469593364452386768821662159531204440918773399848570213979675
৩২২,74721845904553720191456556248020611224911124675329403072508917676200200537081
৩২৩,95420646382325010253337599666810194481461180503354014751160644722945936202033
৩২৪,45070337594954345255071041099720085893606681260053635914133217356087091767824
৩২৫,108398678637560689842486264712877173301488822845109047087746180691519908149532
৩২৬,33936208699875485280912474184684483975823104643008633942447017677644930124025
৩২৭,113135998017820033107219578960323967594573193912017184819136744068575607434508
৩২৮,78044070059338755013024377888932259339267299849003818831493421600020588061922
৩২৯,111941088237789152724871488276143962231144353681952265428793603182572482912998
৩৩০,111981286057351625182618384121375790007679158503691834823091965711727708316934
৩৩১,84704190698766298764066235863818480610185555421462428361542241213113486876390
৩৩২,94759464630522514597391314863058049691041386699710656447152642021211933074354
৩৩৩,91663878763504790621170097906152615909498302059014613209160359987169088540105
৩৩৪,59507682252922979592306723545813698841280068156264326952066960389218155390567
৩৩৫,44185090061779437803935352278250443538999066944595467019896685482323443305825
৩৩৬,22569143018348681312125429206849378151233886712901382289311373757604301229522
৩৩৭,108372097746646214777831653925212069693925033605737260389965925178415361519165
৩৩৮,26663359037072015038579156964635175034727367665530817983298915818785836604194
৩৩৯,114823132724538654136485358246339355734600028983334959111169581304298565589561
৩৪০,64261193478824582405168061484007705810301441072833758706041589087317357945735
৩৪১,62202115107461739903899804037292958065432795769604719772066537841471751425995
৩৪২,29697505920341848094914935214411801604961094096155603823356347744020490029635
৩৪৩,28989499593167914720765838768874598812044337709791891250417378122076837717169
৩৪৪,71076321642632536260675563063692690988500631140879322466460492815676984392567
৩৪৫,24933163804745820617492582604293599529810939190104037565543382539392504523172
৩৪৬,106951097730065495555727107760850727218843850298712371183575951474214216840130
৩৪৭,44430138730259263226013315864050056484209363206513123446959594866688988436167
৩৪৮,92353596218282612183161934038510251961958268483943051142192851732962409500352
৩৪৯,55639991717831385606766686595546801378924551573011079643610048977223345097982
৩৫০,104222138092469356638571578042718277059119368002061210450837296710278649411769
৩৫১,17812984542814207771389302815065694938484381986451317473631864947897689232120
৩৫২,38317278696464686010268266689013779292295829670851569796537450148938663202715
৩৫৩,98460669502154291233936994970656857306659904552397711208759890661491067109333
৩৫৪,9103684578930498988011556824168992409346392868415297899679086649241896632189
৩৫৫,8154350706967598760819778749840360666050530269766083696126475790164116394013
৩৫৬,60769713901595806196184456701533667449884767205484626064070807820371972456388
৩৫৭,5659205069336807547195603742890481219057398287096218227492167324395984863567
৩৫৮,78789674711260246542030912557362231814682949080796951843111320342329243940242
৩৫৯,4754735944033795003363503726751675462859385200508530981245315038489592591339
৩৬০,29272911303803172333406896891173184540358223921393611822188941902812684314216
৩৬১,80783364275364785073078838288991903483637867539850348985980447419190147086462
৩৬২,66660479350200041785338964923968939237049715864619816945476456727357196519709
৩৬৩,11804698770311150396321981121350608178282696622023045177103718106558122279915
৩৬৪,115069895702773585055810227159260040638343979690504828962973678309933513913799
৩৬৫,56622121588309925378711370656138228849586379040722564668233780926216147698696
৩৬৬,96969497575870235920004307868028072916165652007771027743290471295008480275042
৩৬৭,27671792281115914260101317525291945375771487089304574081622147580034879600428
৩৬৮,31872954907200543820224756943005370343709730350750929339043940960894205926151
৩৬৯,55228013301498292700587161484554544379957528453004841144786706022402318771699
৩৭০,85706179623647578743913622153826694720915569508003549492013343331052528527937
৩৭১,21760073718775648363097952585497909578760489073521000888901084041790066436922
৩৭২,86334036500666824453008604502250028606432147177829399663755047604008562813954
৩৭৩,59803510507814205112351419632956818884303123117631892337859145030979876787119
৩৭৪,110091704412654039983441829902015731574413890128363647118980737242363294873648
৩৭৫,11656312208784137953662989142532298707569809643306317815147921990861609744609
৩৭৬,50047977835851271135890856868258744165113795089269843016993799192047433434273
৩৭৭,17893083240876603975741690965046860748024329587331373283210411459562641155367
৩৭৮,45335425679071077422765449614285492944058159240115814670335448843080217591541
৩৭৯,40850909156731629069174822426266282952216858881127602956231148851680197720650
৩৮০,25033701421868652510116867124118543886306676807936373055654055175471425684065
৩৮১,15464645674065332088155699698003017527998882152421239853940043057648829054453
৩৮২,66148720245820601278556615161396384980098664769694164033058353403720019571444
৩৮৩,78065260538542630357873637449499071013673119375686647054207025948982574071188
৩৮৪,100413440580230511673223514041544309188789191923073569085720536103598206008538
৩৮৫,51513886456866433559560945952545646439459377891204363201292628228512417691450
৩৮৬,91988288617236891936192752641301582552694223576861873897348242917575764909078
৩৮৭,114694733717142004301320803667585361113067873777158639221483668246856549284536
৩৮৮,24447649574880594144735754305406073294621872924928780643811682340284437851732
৩৮৯,17143877702010086339135803672434892941210450117191220128969873859849844203785
৩৯০,89591687968369107087932756769410293579470375789893538668039825985494353209818
৩৯১,85476664994775078903234025821841484522465470023055815022243607622437185335471
৩৯২,64751080511731338791134509456999619686828547146895103064131961378252441763538
৩৯৩,88908089392376074275538940148580949763579407989363205733745225186650430111383
৩৯৪,96808990685018941100337451390444574760420748214528401062625489999815976474282
৩৯৫,45340040508440317479044371945631962766767407004646813904964788004159481345901
৩৯৬,99132889210331356848842061617816905205020164895710374822322215339586407469479
৩৯৭,28248848132071052274845709160618139779095488826083047593184721106907228122249
৩৯৮,29722985991779797741378554391909823632832401225341657485062617546804701834227
৩৯৯,115178048452398632799708691533206759329162695934755714576424022440646018329761
৪০০,24705810423499209141619805775185928896476111375809342182514435857310998457676
৪০১,44399333136594609105133882721317494757039108522748004998808313997094929262379
৪০২,113516962626036201980776214396691618775898051131870083001732448487809712920848
৪০৩,59269639191595543018737347276484257123254682549058772818803492438870853108013
৪০৪,80067920124405712970688642107054688417200248666010776531118311943638500020284
৪০৫,12868243604535133009827846730994743274319024309568989529272692061269599358389
৪০৬,25433291740305244417644742750208139919765374802227697710729226856208101524
৪০৭,3676680528021032928532955555850117097551885880980428098716169555292823637051
৪০৮,113746066972264598817544213373822707649659853201813886464201164793083164860165
৪০৯,18317121726195949715785987980914097560479915510833373704039851158191040511529
৪১০,31763890427908457538006164643845146152336818300294010713168331111326485012856
৪১১,7763866547694522262853744363373087727242842849629888437674562111838269199252
৪১২,7935102615176775640970330252462470154630818871599269634155737677923054698803
৪১৩,46052287899005317283949624816070588538453672336288797318418142906179754182527
৪১৪,5668537855261726749088564466473972931981663256705745152697472974119398018908
৪১৫,87935774140609336742889121764626811813772594719924831857621687460987712265055
৪১৬,72566053961120075529863712995086243822144240825447641905484844835689967579670
৪১৭,111632025518460531734003927794879312807830185621420513499609455221428863031931
৪১৮,9425567979732811060312509978465896434955044506579015622448244799362349899248
৪১৯,110897670782142816252409401803147940403446374177976174146010470416328593761949
৪২০,33759887528954940715044402497618969711334885299355513433967954448064441725495
৪২১,18661569193447143737880510406463284491264947406096625907987387086452741216838
৪২২,105844473435047668825926820653709822280801829477248331857375480981691601078888
৪২৩,101939327371339564658641433296906609437306044440111967763135916371866428163746
৪২৪,7152229508164209433898389046361778637717208306249813289085857848762524672499
৪২৫,105290013404788338563648580358638593175670392609696575379713342330029734893533
৪২৬,94475221014451851435934790304102228704645361971140443298197058712512153526466
৪২৭,82524834838988458831781127242492148195375945774343050439691801594435392641436
৪২৮,4239120970784595497930862739925178634033048184558818471130019869174185803718
৪২৯,44393802535900681510629942190830701391366615984600167321281555055620084210619
৪৩০,90834947424392816643562796949777464104606575023228525891586646030725092870564
৪৩১,55771992580400691717500567269314440587279912673325466691781497835774181097628
৪৩২,44338657990465362145856520408779224222389358061174160039324092257669798764401
৪৩৩,5459327061138938943859397937936444770232141245558238335279204403431309178988
৪৩৪,43593338626522826088413900427982547186572508439974723139361417991580701595478
৪৩৫,50774893128008405041430674438129613303779747096916652467090754225122486520718
৪৩৬,12147348335594902938583635586184589985604732226022798625570626570695615733992
৪৩৭,22349884089138851812979566335936092167405301359717096644772155572689826558521
৪৩৮,52075907422255768034116379638812857862151845650750610134872790978563648460114
৪৩৯,76372552185093185823134287146881509331576439187574178184450369138187898698813
৪৪০,66765670016437279910294631173632264797702545912440524173603648808464443127232
৪৪১,20911269528876215883571996491022217929238590365393069686756142813553128393848
৪৪২,81036647681749318343696007808939227113838936604943368896086478357204592336855
৪৪৩,7238423471322363617410704230658158665306346011605463469694384806334068265236
৪৪৪,35558566255820066525660941913992376241136132951550975765717528576307239746227
৪৪৫,75048123586629706150131750372377700211398708386009974274912603411233943897940
৪৪৬,105104993279156466193009902758872650539883623043911890868513148268485350768779
৪৪৭,7497324941185403316296483691152614494330161289103181989900722702752579317516
৪৪৮,37658963846447228862667571498997534250494336659063802274484001476764596771482
৪৪৯,65536595511855392471500580509046348929344032025929172149284780109940320172695
৪৫০,21308081270397239313499345731674770186683628249902477298550162257186795680075
৪৫১,57630956849435629177632643401991143652990736877132410305031476305082812708618
৪৫২,99499180448050074332513541956329151897445100429928933547424630724809203275681
৪৫৩,84688843206869967022315591968125050453351510968986650356687460939989134378975
৪৫৪,82831843849811625947090238741021702032223917116462577110403951105378676828166
৪৫৫,8786951739431593438233982444848569704442327998565139535397554184337082157792
৪৫৬,60307095021232329735354885022441657432940566034460923591798248446026504544364
৪৫৭,1549209400997481229138170734558508842425289998979721034499726913031617080826
৪৫৮,16161264985705199436868788473241503243664423615561739380402677746873565064766
৪৫৯,40999589930114029378934165899888121838861761805118894756061969233927383188802
৪৬০,54209235676858580316506147022171981622091018208930518226580784453839111664693
৪৬১,74988463428021737724332587984779150309443929680339416134907036086594377998468
৪৬২,41805208802060370574169000079441066330749412726165333677953576388894564243628
৪৬৩,41689197689170516116120846260161274824794970982924769303403700611598956844949
৪৬৪,21508812469283258667475793110581323908182101040917184306389001330643728874360
৪৬৫,386130702925551332514100813763061737854896460694118389203738229479391150852
৪৬৬,18099745513864595073852040699534459122542472697132752287082455791392456828299
৪৬৭,13293904556513023614135314141485427689674779683103077375344580916482883109028
৪৬৮,85568540578859378317325571206086112054140353198895751522066146973932163850286
৪৬৯,69476847820806802871288380799300023308177896586969685177984354058053738842048
৪৭০,103344698820314951712876989571596161630726468312046148686951234862885653706327
৪৭১,96175332116900612125846832521633894590803408429755478845335883548890118676628
৪৭২,41647182026596915067934342543320932392195882644772110819649165425278291443960
৪৭৩,6883289609455816560917165946214412936326608922468614588093126737338233664837
৪৭৪,91371024193406599822374386817942861956252032090656956392487502561882041425826
৪৭৫,52219812125422838219835430397452883638886308323893457483563834281960477795191
৪৭৬,105526367648726832686515603042148401515397915053021125280407569988178078396406
৪৭৭,91048232457260106127077275260314752803058858418813242085232120330152311003295
৪৭৮,21115112372902797460805532812641436428975108185761017939775730822848447355377
৪৭৯,60686699705167186290264870520238387377547994802945763591375496408497833599164
৪৮০,102104515048363098277161922155678586777425725039240287247244054942086244837056
৪৮১,97314707499163710885863189704816856721052875869907415848909151251205205386503
৪৮২,87803003806715809831332458874817796496420895690787590967391925350483406530359
৪৮৩,45148203002051831490050894328009613595338157475916578401687475712460911043796
৪৮৪,7750140623720739571046556065599939832391339054316308521788826161262892814092
৪৮৫,54466625688900245737245661187818665545236409841253188804420877692851203526129
৪৮৬,2213574645291322093530482554446308916320081218139566211556142527370814302839
৪৮৭,29681835194912528663665891121665924735150417208218829436175589908679873226078
৪৮৮,100783276047195511858264585467453445018125318802556109052712802493034483209396
৪৮৯,73905148539264062631957600240971376407155727065536248478005952117738363059330
৪৯০,23846078996257511789952158023589857250041593838797277421526415977901979825467
৪৯১,37713139515533470490440275034966574726058503347011408843278916505849158182421
৪৯২,105938166879732280044623195509676311985893974654607433698155061579780729139268
৪৯৩,51287627727074566901232607320123104981580146628345429342444294905597035424918
৪৯৪,16594797091496114767952262979111927124378123200321153165182758325382478045296
৪৯৫,76087387338651502106578266019042086579694225317229102354382079255113529039034
৪৯৬,11674694073405644130532042971585611740436827779205409301189709297787633341330
৪৯৭,7589538990513801532086167451580119505038374665837596989255308433819872589648
৪৯৮,66423570524398976723815261196456737416354681070853075159049919984233877391620
৪৯৯,36289239898904435406772871568599553135061777599129456936196564755896807946752
৫০০,76387541744827607566111862123061915859293445651568155117282770151509417433805
৫০১,89019404018050447547816963214824330363120787429776195812578160164470104929112
৫০২,71421114118134200081717729706669404389508577627722164802008703792638602881082
৫০৩,1446723178473787924256565928135396447121416184690333354758404039458286105064
৫০৪,74170271586288581026530315009890657353083839035361819793142841549828633297045
৫০৫,3230519799368249978536352854100787815325253937615749905940216602828586393932
৫০৬,55594204726751247541662481803145060630658443789483887425241686227620838937591
৫০৭,23297764812260689133251711117583850687712812519522081233718918247448504877957
৫০৮,30549617000982011572681185754237580137150773500208744854456741694615373278907
৫০৯,82109946453303936345737225883242668225681284845850915502933853686000967478876
৫১০,9152197421827887214617618031406941368199342738043067349793802750253395376654
৫১১,41300011241240705857002403235962534620374872835195007318654377058109348896106
৫১২,53929972215249355178747216517403123371217152828995236854391584711468732685346
৫১৩,62741002039949625257947474922452346570329221404031207364076778430078293889318
৫১৪,35878255057689921551985049426720710541100531927826131872840508332148406124266
৫১৫,107503708062386373940733711400237312025120862045584509596467822464691960995231
৫১৬,68379398129490726446888560897184810360615724088160130900416767848441486900124
৫১৭,52903678004696027252643848425163597347427129827464209075044017599538091917004
৫১৮,114950811664750611115641930788675241811362830716908714795730636835578049994518
৫১৯,13286225360860706607064511682182544565638614482738844777619297872348555875245
৫২০,65705321350143377621000164495430218132868880110561076738684551901356542108655
৫২১,34609175929659848902671048530292778927510230300699836999697516416705476649970
৫২২,115578181392053981960909890608793144930953702389281960801925547854378390254322
৫২৩,78189304342910080552305983246214802412385520299507696221962731074295495149062
৫২৪,5453192863984761036951326819658318218881357845849424333316792653727193223194
৫২৫,2324189496657934348109555852877851850298681203989422990070448037754069879255
৫২৬,59272618658052331093437157710245271940575587885959196640945272957919030499005
৫২৭,115161992117312851945204606266117963886789033214526601159914299885210421027462
৫২৮,79692192455150789931165448300431901375954304696360746824850832636937942498514
৫২৯,73625567664273915693469192056900728797108624866470867067006057520644497232280
৫৩০,89706882529559145601964991045995685954755141783747240326122887470497397232758
৫৩১,101395187075825556026898424787108764926836614474583695418724185051594667290081
৫৩২,82977116639861789982238416113573954457769142616313719296321650851301694216192
৫৩৩,84811433878576276263924775997992521190643877089825311384559369149574457854512
৫৩৪,62809155147226546284022775105762275056026348868212263798476818922903501658707
৫৩৫,17189083279416652614974140086327583577276081981952775449078390848495485320480
৫৩৬,58500543061317846702562479684656507086496057525460777199385663329518356003067
৫৩৭,95233055101661864961392136446447387903964800842772672218486936661829985301420
৫৩৮,73565478488904816094321538080376058643716554127975630303747895283540392207279
৫৩৯,53352716801336345386924593330563701976641207405692190059750788746587181733017
৫৪০,63319356413555118080204517253822669615089012160573706741868439000712282210755
৫৪১,79971996226552149390402890501582095808096501018081936110683628427835764245685
৫৪২,100900762348419498731956811331071637935218393294509016265548324516616536133349
৫৪৩,6049963464954719859388250539067219745678681159384128903313349603161408649971
৫৪৪,9981955070922076576013715095030412821345062072703789036015148522849198404258
৫৪৫,44654555391884977595460760343557173239607909654538458906348303031113118436539
৫৪৬,35310314221859667587626287633361481380670345541461272563486744879803402349427
৫৪৭,58202039589144397310361228809509688602940441003595305454358046052777678377
৫৪৮,51953560451800571331986735989265099910581978418455992145432861775962132869812
৫৪৯,64052710165353880614601861247083709514431077459667105883334613296497676927571
৫৫০,75407338282082557498580539509180716587947786904359935586827433185834942437093
৫৫১,16549859770460234622126791731995616367392415783781339565159112986207231330572
৫৫২,27338444908339887405594808658316915361023413504614545243349213071929153148241
৫৫৩,92047552768755759734654259749130138798423958255238968319729610817684428134387
৫৫৪,95289547855209258422297170482271865696813365711620401484700432651715577440800
৫৫৫,56052782863614715611783334268049943861501120093015019575001472384623278707817
৫৫৬,59123777095795063268118310981973061195077985563035994373074521448688634905813
৫৫৭,109036650582582435009862960670982449910807455429924559849108250648696173349248
৫৫৮,59837486259758995040098253042925946081545390314434655621794783354728690425363
৫৫৯,45454759386207017175957740750166285780349355562884839312972137085521368312059
৫৬০,93489845751927615769377372890641084697472136230115298031809327273946752172002
৫৬১,33896831640908004395433195080773760983286702358031390607517303444526902014829
৫৬২,112015912978204976750256051152542473579530841482611019031267669890600358612717
৫৬৩,75882559608604372551873051758217819829558930665661923375974499045382074298113
৫৬৪,103470277270329669772841904451618187562128475956340973737267379871122334112346
৫৬৫,45639385587255050312545485895841561023641537457185078201609385429175516269445
৫৬৬,14146851739989794022373251146373620784050303524291832795432836729558341981061
৫৬৭,66570959579917096405274201823136829721679977198546883634958428096594187005234
৫৬৮,52033395955862964757506335347958950938456585808106769493359576021896628793926
৫৬৯,80416120822421590174843033467543698427948937805041603230697108020688040838141
৫৭০,89410199527468408520771169428848958481699092145367317377579619915182009378877
৫৭১,102375521220670712368568224267445648317623680613195487910548129518994917461389
৫৭২,39624164079925014183017338998004293105569135787175693625013489499284791892004
৫৭৩,108360536712805080551104609467286732933248080972885650640781586550333316493940
৫৭৪,113470981017898092801757153790147939890214062543778021968149533620828771214315
৫৭৫,23482427719993574622713224310032951754915390753111959614551905317602482251456
৫৭৬,78369673425075179386555950810894820767259088637446177191291704769653551680384
৫৭৭,27351177363206689619372476461457152171845559989987199872246275283183475976650
৫৭৮,106967042181746585546334277981715402246856330180133801487701029291762062897717
৫৭৯,111723125729775751111030064039556922838392562378440922424538489680612294236175
৫৮০,85957096915555738188109944570134616630217084766650102897900029941370442446707
৫৮১,28005948933831539634449507235292505149951010060530226263672232703087353484500
৫৮২,101044513760205560635980188139242109593243764182929750663701991622731976980261
৫৮৩,65506961984522448975418084287346489459845328404505888023520571520186138305968
৫৮৪,85781628011535732050297184010165773915877451447706818136913318134574222098537
৫৮৫,95723817127405924971019145486101455640827599859189995230036557100678331801428
৫৮৬,97353532271321117163801787344567680491012280946650337478741910766650206365284
৫৮৭,4901909042617230966010654870999253322391983458299116005188335446685490008074
৫৮৮,71039766392427790592053307615772323176674638124911200903184009668401632720831
৫৮৯,101328290979591989642780806923305123903636041481636889637413249150116956342517
৫৯০,42978184495851035890785401110240672402890841892427277875799440562553667770276
৫৯১,105692835408428658947432161319869617949016225584966888448244183893889449627655
৫৯২,48762197107221778022094046186637305391437620291725899945421417773588749410248
৫৯৩,63402976215173132844239642801083310836744148360660951535027261950124203616820
৫৯৪,5099395711733191634442398908555067019784383640210178274442925038805942651548
৫৯৫,43004112028390314755253751397380043681995830634522983208256282359845925303604
৫৯৬,50686585359953949508833465280240779721063719802031417403802357356281492547723
৫৯৭,47842991829321961197256507381384377170737286630278567720229013239367774217136
৫৯৮,69605157585081640025871285676225377199382935565926231370218289208701885563982
৫৯৯,20413060202701317346565290802819831746309624217763616278107574706319992781836
৬০০,67366621495719349787850458880582412629044841648996848793058195774416108910334
৬০১,113755050804388896424945347986024136680046278079690201516655365883155889356210
৬০২,107985647473350254046298804703032679625615217458612626027385156962466645563416
৬০৩,94356672543768401086226430759787077402161555995043711868556401822497240873467
৬০৪,16759150284420706463883789846730366249726249145690973959932853503194283106788
৬০৫,67162122735047131612155184609639752850520497012444997171521311077557598310927
৬০৬,3082154262740253838986518561383195183926804814413223456091432385011265194434
৬০৭,11145867900705232913152911775514460574475235338598976071287677913641085802525
৬০৮,87754105811565195436685865482585985864311465568681024681046324138523762374916
৬০৯,26417399778092383339754108643778449032107236975250957659515971091366837643369
৬১০,115049531443867597868852179811840040769096196772833425017918435963604958351415
৬১১,10637344399798949183622178138190061836781150308189754483611408042534358267547
৬১২,22594613853819538717055597528939562104799883788586730031839532404841661000121
৬১৩,4829935964393559366816567222981012135658142917528059005928354706160099115716
৬১৪,47130275960001515038242069236256502303420143786793550368339288413315917357711
৬১৫,86380522631779136143501237094292956073977310686455802688103868320583223039444
৬১৬,99501958054258756493022939796314004038966556869114779009812302706531875541828
৬১৭,29169661076434406710285012982174086603555769946772116071758426069449752871164
৬১৮,94421093832762016874198384082850246130713030617395562145625575595751911081415
৬১৯,71351111039645428530822272514363838713083537335606722625207356140950590179611
৬২০,37669941420486134283932627899251421270785628660290242875570076600453164992585
৬২১,91840751140685603317454988384969045607243693313244965307993825765257982202448
৬২২,28445728652383928397544484782612233084848428098324656243876127340306171269104
৬২৩,91849890050572551355118838120611200329688718560148597138639387306674683915576
৬২৪,37780098852665161733280340530657910006139203018513257087163259202959616081606
৬২৫,41455719348592147209086115658037919356433252185389896490074518234753942585048
৬২৬,16603942372311518865591628093913909210253823962777013927850368508220727725827
৬২৭,45609145317665027376043570263844305499094476977519819535898853910129378841992
৬২৮,16657423198777731120176548504958856044958528363771699667831193982229265116726
৬২৯,61820300362957358590279528085742255682004848821342443049875719432710580565810
৬৩০,34864971897015124095405295465930712873240771258723963105604570215613268149023
৬৩১,24531325353365520932988580996468681145373194165007474898645570268276661824324
৬৩২,95110233010799873160469590761450068419143011846812498188160959538399306338143
৬৩৩,7321051877045302545970028878588562964095925038046687600228380471953449267038
৬৩৪,34324781400599568733445295169613698494427390231937930204513089551866948798612
৬৩৫,112866160864953112128536042062142544995666205834988588815223999888695846199319
৬৩৬,82497820390984358624266297472883144567963719288714980745027384958652018791990
৬৩৭,27555947414811704154189119956423604206590964051117842216915425396209304344973
৬৩৮,29268780302924233081105490723873871501478770699633038232367479893787215992557
৬৩৯,106109194654945777665721773805009105524621971713361079927441968068439848550662
৬৪০,96509350983852895061893129598184261805255919277732536194657294760381039767799
৬৪১,25674567733382070566123462579382748026128256046702503114521257811796519302736
৬৪২,68378100392099564624697446892364070469116964883891511706785092617375296148195
৬৪৩,58706792058089202737750389061628877205277969507236521576248103746859855722746
৬৪৪,86406955454708032368354745167156123431389740016847165873452629700925028497310
৬৪৫,101673057116040825331761093322509097092442656598401828325806756560547767775357
৬৪৬,93307857388273626426120450337215762276618926532322995821861390029243790614328
৬৪৭,86926658266429894910642417063149786588455887691222403885483126892034216036556
৬৪৮,72517826367006365125708238590522801538800488378959334417543310157055230649016
৬৪৯,27177992454132047795759865193407999157929983432861538434728668387960723802066
৬৫০,6097552951604414993000083427392448369961057375466957499080267265966512377068
৬৫১,97761109902851658062764340593901694740372418579650552975898203333332110092476
৬৫২,110162068952368771088469690784671144564643180396073543959110540149823967131807
৬৫৩,101552815669505719909960110113814442545968537735176958065127463273332798204864
৬৫৪,20484010522542089607445454193663186919924956179042698935740924400689589107857
৬৫৫,64699647197926901474952194279410601237280062751334886719849817493283815247625
৬৫৬,90676404348835774624142136810987549639647613228801190899465084292618304546434
৬৫৭,53570244747329860623253295868150764245526241422095659121852651996244139851945
৬৫৮,3822304642857132148839196703092905251373225183528957333869611077102900184642
৬৫৯,106287233644655734985474835325669002252031126648009098498997744653955934837936
৬৬০,108368989528667235555769041722636532161833061739934287916719071483004540059328
৬৬১,19900483168702145868237410739050439874543035884376142951993103421293665142043
৬৬২,54239127668258524070988875317516987543466122503538547646489331132004110340855
৬৬৩,22253046093622343931598584417080073395161885445517735223422673800219244275004
৬৬৪,21202977798336901569942532661164173888289305486105353609314301234160611812148
৬৬৫,114647881686964487835662349802603166626588983503742189195977399555582032307007
৬৬৬,43863566169811526816125830534523578072080829294464696737402845192968075778657
৬৬৭,71795888853254336869655329488661989797602265867346837685528777500126630540513
৬৬৮,11698597814230354645623786443552212524591767856091738147121613655392072023343
৬৬৯,14327796937829262019853536303870003340355519849752646241481217325653040356141
৬৭০,79908773087197815523217403827401806777199584554019897115362209218117206068507
৬৭১,8496002693542171895132879188757793857290710495754116585177899435580453821398
৬৭২,50599824792280809276500753371861464528192370850556476338262384926955583304969
৬৭৩,69463925295857271414186501968666277921077832901286705680553191991761371456779
৬৭৪,97334893983172121326466122256139471215701065893835325741493033285466570630434
৬৭৫,23592762756236531769186841803320490241062907504001714015779752530639252298566
৬৭৬,63265430659689265950213635709904577034904035625909665242773166709355722874488
৬৭৭,111725521215425214988866900744410668643278304476450885857339497644338449493337
৬৭৮,113310915825584169532639914759867497218214996161752730897182555473191415243485
৬৭৯,83124558322543640853647877365042399386117146456324253746383485685101193000212
৬৮০,56637699720746481435329245305372277302120014616143171597825478983121852480817
৬৮১,96337168113307037172532550004760681672260686976096147495613568838781356111951
৬৮২,84214716006863962039865789122605080346519464981457039548897827526300551153582
৬৮৩,35995989870041778128435438599833604777816482631086243287745151775381260794812
৬৮৪,48327798197564223603879562467350632201705145380901362122929208533415038834658
৬৮৫,25528813235828190077758905063759946699485895500122026072862428612478033198380
৬৮৬,68484418762892305806701838897608078077404571905526345061903697717992613152478
৬৮৭,103760916885796258960176935823536431331856145239971571292256580932436024482233
৬৮৮,78047797093234810450529404323701080887393836225467768562403231745739369435944
৬৮৯,103080456070195258886773758216704029477733187335246887551330405989693725371607
৬৯০,38488946415344813738812894890611150069063624023479832331892363533254053481522
৬৯১,3027892968508204592537038541685993583743968952688181710182416757066992980487
৬৯২,66747318438059539603234980783929476259839064304660257177722023520616283363929
৬৯৩,77288153701418595048054958138173313174805737030701492171573408230982031931915
৬৯৪,353305972314139531439056191157004999454025968468031749410499541316038914685
৬৯৫,63491343674314206605548591283752299596787181497077057937629670108787708273813
৬৯৬,64820406859701311483240773323160215926128430175243010750739576735486688467888
৬৯৭,55568988471891375843817783211802802841832635562079475959699785590026794977913
৬৯৮,93279150018647018390837881029913501843889498953701309315231350368328919770700
৬৯৯,12341477337378304430956992147279971468809763773770513957626744622661695926640
৭০০,57206207595008753026756962128869790457862874278215873753111707567490089311525
৭০১,87512260039523496962160829451178874014491443361694926928573413426060205670379
৭০২,88649865833495527380247933197357282093607040985664348992431820148241530939145
৭০৩,8912113270647623961586290115805051885454327947589045782678035215721417493517
৭০৪,27571862221325809065629690826369335912216598745721913194520828132775864490872
৭০৫,6119131305962797028103715364217429955785702419717034459749970329134738640982
৭০৬,51298066513540524902475673766324960302618853604985539183242649447015217807128
৭০৭,37589810612885390008003399707186619070854090269846889593834286757941307225249
৭০৮,12323709437347141804824941600192780432840135003040018716221570356192380947447
৭০৯,45041256555297550876126745991721848368728331402594172065150480206094387092973
৭১০,61262910095715015393660475642961334028636123668668156302892817293938356598198
৭১১,114299629913914148574390489556915808334294642335902879430499028820327109214539
৭১২,25972938336247739490213022673335941816123257526678915947584519904825557527562
৭১৩,11697141544907547620842271866247634440060169615737841578166232372748952620495
৭১৪,97906008776209036645084708140343505845473401493074047404789955247349641099654
৭১৫,106900817901947542003322206483379058634542923176472199198782815378465012927541
৭১৬,16136024393698678752619303061947780212181719549259803147556046015327957462436
৭১৭,113833454367161502228518252192454049557530426802105874928953989156644593579651
৭১৮,27161371728746596126995287134212435344573901509035873259607870936020018465041
৭১৯,48457186863901016849290282163937654431698318630910321377254279623157120511308
৭২০,111024881855715278406929108384666974518785753400264155713438166949742619338369
৭২১,99550874904856026182771818277272782000109821251197872004382384037537456503409
৭২২,69565657302826823633895299845857015864449949224016270284798859529597405445389
৭২৩,66684781928837374728705284373342727733146788883006991067157127624582606264189
৭২৪,28799387249832767502595722636466006612247744704381759280067586105940916835424
৭২৫,115647596126281073887386463007343512120024338458982842845277137115120483568518
৭২৬,44711675262685038070710157207922141388658799621370209790620281741842341741242
৭২৭,61745590892544896988838902444739854600960705078040573303029982337544059587497
৭২৮,69838101390272405765593042141872495941384854078991024369996394667731355798660
৭২৯,38745810672491728115017375198231309083909682293960957513181262388805994998447
৭৩০,106775178451333979083814908716415792678840344357124252558998635686862662507459
৭৩১,29236488124476114046632627758314292627896793272633326346205658213962586324322
৭৩২,108775959176804859810705802726700809014146097455515715377324769161026059649889
৭৩৩,26345103560720861365590635945189831928321447285222939574322936471018131086321
৭৩৪,44038722385402713978187539945309150220781545684062884377419683526714136941344
৭৩৫,93994841333834369106938080796579528177956893471092999915719423406971402767009
৭৩৬,84215959940682665837051696682934308436370103811557155488701884022284414490965
৭৩৭,106220835775330003218465873545124549093351204893046604836371402116980768117436
৭৩৮,23218897314172840660285431601391199537795670605748227022952974288615778352857
৭৩৯,52997812539951572151198776378880041754186435123488180855570906859293026379522
৭৪০,92731068222697539011517507032115353878555011716801102639139485218977811579837
৭৪১,45808335072662090589781826713600079362452928284940164181430356804369303030679
৭৪২,96722016477794830386930797652369888219279507450634012758009986950483509400408
৭৪৩,22906336879693484278668597264270877760283933299718051093541106693862611253684
৭৪৪,113611977160659560198555758068331008984942930242282408656094968002229515264144
৭৪৫,5233351018747947361974737142203005772181731761601097475504582000820164400600
৭৪৬,21148467818967121424395444482726985295030523394531007457797640578840241049197
৭৪৭,12637661469082809241641197329770593048169041902976047604740894314099415885884
৭৪৮,15451837260934118451996037120699006595141256398333522553026426924434482534515
৭৪৯,5695322167338974049072993457952688504409776103356220785641120428792350976399
৭৫০,4323875202187560972471169676071960767529850500485448954007462005709522285764
৭৫১,51518837590201718783213158861408342489484414727591663238432915887184299595048
৭৫২,39939486349961141140496480042123346054920599907861455217208817036366237808516
৭৫৩,25437592757672185907700961225085687575881808436550472549280080797992940358796
৭৫৪,61130296428332563118618610471850018398128954281035563444142887935049058200344
৭৫৫,52484222430297787644205578482102211221503483605863675542899020293767088086627
৭৫৬,31292049158735340507273491167086011091957250354538773440848564361975179377310
৭৫৭,114989326094962618607183660394896956505883883452670583156570429721129585377522
৭৫৮,90861384818262058211255086453504746976876965457993359485771974322726999643372
৭৫৯,105549906798667346475011822520795638965930824471220119785244593910377491514370
৭৬০,64518004904408317729877758452439767204228113726452752790907124774772404537462
৭৬১,53091924568063069869660596615416843040560991108039144672013258739727128672732
৭৬২,28079966775067136908861216185634311647974274951328040436381948475054356387641
৭৬৩,9503396702082341077689694282895238959411943891512594476004936157673945433938
৭৬৪,4825317840249534516327879608454109291535510460998866098668169425047256681636
৭৬৫,78308334321756422877485525982347279688811093554335170874277153240139693541750
৭৬৬,108657728896564002025500685449465269672449009070201555517241008397188661472832
৭৬৭,18062191491908372663695307315260713673984651368161949682565641322407899963498
৭৬৮,31129479981164379719464781134397710692531996246554851499294601975466764654255
৭৬৯,107895396443233429886271427780222692643139495545955499165950311636444986536501
৭৭০,94751069587139197599967346960299989989174969274385932960432992515087475944620
৭৭১,73702241413709866473666495676399268941690841552936762726112039806675540081490
৭৭২,59052468132123848353229167368226494513008908927503301195342031024059249121153
৭৭৩,93936234381959594609372818361106146008876012523611924458580184711718286206553
৭৭৪,93296295544102842428255177504994036430913979739927901719035450118925468589938
৭৭৫,67087940829630687595129656417729679953721361534235357322156115759483644152870
৭৭৬,68944982725554980064796415256766705468394453587016845126780864535216922910047
৭৭৭,51992638732449476778216568507841803456568824257734598872466974921043792756729
৭৭৮,14102410296791391536904203149644173012442587205314734223073447686672464147342
৭৭৯,28874825156191474988518633850707924079866416659884952402612942497707421988476
৭৮০,105847635447139251296127182580714638240920924529997951039931027355664847524853
৭৮১,34787371778253320483419842172913163713343827293230635717829028236774267629706
৭৮২,24821021848522757281947503297057022564134516975386329799954986905150982047863
৭৮৩,1915663391822151342356480228970538879140970372333758223818671650339690395227
৭৮৪,36514295190262686521620198465741883518190749729822592976831240906228814487622
৭৮৫,1443356419974313762889538922880319708219013516034196360816083297456311500473
৭৮৬,93015680586054928136522917306506478740562711098190356953253182931460812148015
৭৮৭,21707371143301832952097543133531361016274079945473659250927941618665987902552
৭৮৮,1184563821970145338618329299105271988841029604828908085666273727296927636060
৭৮৯,23444165463927311398587663912622580017963838836335138602634139764837169492671
৭৯০,14149513067107909353539963034607121744301774540322005671136096091896114235886
৭৯১,70355811130047458943611350650987080982620343709379350575488674087940159084763
৭৯২,39225590233828986561974979828473834729775294929199878485982589439458697241917
৭৯৩,97346145494919547257815220822111458579909148425713310678522423507411451456365
৭৯৪,17386249100462333132205481459896868738150415063987675437395027192948768308266
৭৯৫,25149802049159923784484617908335392911563721876246492981551167652487554770723
৭৯৬,48418334888526330582539038437865978966344302133534318259050733886909353664731
৭৯৭,85518206894269210045301984415974843340867331229317745913026625820947293645409
৭৯৮,96661542440323115064320054506879105064358651193958387974798304270639909384513
৭৯৯,63055339245840142334921471202856619376958074243297033958885315290203332623673
৮০০,99843037296784714262967606512180223293046019648023731997254231316460125240432
৮০১,1652280748598152406543076366764462979755943310849539084949710859246618569649
৮০২,66969414649252492349496148592786245649386713845067183956509755082310750707620
৮০৩,113813053360575791052934737146401447324323804439565220576677313949340545171552
৮০৪,106423465932638548520190356631377074253102299142343577193733245182208860324261
৮০৫,107160412235107893911493669798371197598640700176072351099857653904644961504563
৮০৬,58981963877502569005747731390802838422871844869088758701181817261144843413068
৮০৭,108714080378966792070389016038782023405245903426848841198447216123178259584774
৮০৮,109593599852566070385646583027027285570250225321668349886401670842721424738130
৮০৯,43308951668297097796071007851700436806002648835516908676263471055031743306375
৮১০,53048195208560825305072847099321586129386070512624721870348066500095253221041
৮১১,35685183517858818230787288875792019795144509517587355263532709850364167231468
৮১২,48814153637955739737277442481409425927113436836247428196873063223952001978902
৮১৩,96173292362151679929674620780700913702274708396155288367273747603528235217048
৮১৪,1405625195251499486296698509239431111787651411950149184600579228732388532265
৮১৫,29703374060219994694356209506008321982393915901944180538626650541043738475661
৮১৬,10656899116352161055548422193589913642737650661890001107858629923615907573828
৮১৭,24915252923776803915776534242733336945300177882714495299763221881999912092050
৮১৮,86185742437073353686494422465612657733109267055390212226928795762285640669695
৮১৯,99441327584951199663771173698600082052035448710675614205997102869581181922525
৮২০,110826009201457131571587243765478412614548118457009846267851078432853759692908
৮২১,106168105213503442712469395090538123583427014965648285342059459749105552308808
৮২২,77678700756021390212346997591147690719273172664300978178290678410563764881483
৮২৩,13115868863786800075373656481243671369185428467359189243593953859695100901950
৮২৪,5103725673700377032077446359717766106419936355190439516343432206566301760892
৮২৫,88098383072993233084453243828438364532677716871730618530424980824717998898596
৮২৬,32703569396226994115582521707839687831167820418528345332640015222305135124795
৮২৭,8558744763371847092499551601423955515461149043893404000130937694729767395848
৮২৮,111183914854507840103033827204080205791859395533415945672062763498392383968282
৮২৯,68755077368615015325576736443794908656962462886880788190579042699482219149237
৮৩০,2873984658404888453411079810285978005107044910054758839268104581082531925303
৮৩১,79087264870119423716476350464775349400250537680144379574702620320655949291732
৮৩২,57133829079179245842952536852931518778947287120813347648762735774213602440358
৮৩৩,97180587608536942720293221897730366526350183475874159954714332178570984777616
৮৩৪,104786187862541529904376754810536401997170323491054587847900414756199067632749
৮৩৫,26138068691913864958545117153139685292318678316563568470831401307140750320013
৮৩৬,46857307217005043511644145046520580372075659389282756854914718463947293650264
৮৩৭,50757921286067330337577080816270877461544652304170383732982213106119295116105
৮৩৮,102896716543216454547070963047375346576233080110424944301627726536252234127506
৮৩৯,108983473273839037785150277371523732343832621267741390576438365174548438514210
৮৪০,35219213937950570247887446087159046773084384662793261868973388786060900558028
৮৪১,51548580795292937408250327851194397172947961342894728979834774974930488485978
৮৪২,8646937753637529560110708077009588567981877664445988664303335608345302156277
৮৪৩,61864280875894164657861137074749050912364962530035387605868988347455775420683
৮৪৪,6535046984966222235035906643990499127558760628998878734573730349388434770169
৮৪৫,48032487158701492531163421661652210981965384951321314389769706071999817872440
৮৪৬,6872111899486897152462662958055103503086895693596993687068529151362769783073
৮৪৭,35956347297059753361874415992776222757624405156710371795407851245949065397002
৮৪৮,87782909093337133869600013732158727380788386913482552237329784103626774755036
৮৪৯,65482973829608837847940306536895586686576829839328675001054079094680001181495
৮৫০,83652550884926355943511458550995536775792915713956297419775803381937090787135
৮৫১,40954656675795481990376236881474001191053876021753827830819834813423294009000
৮৫২,64009740193105108462074694458638566955614280795578169202218537527337240297445
৮৫৩,45448358278088751975132270226426155064465042561344846118378466813679883468409
৮৫৪,86508947946624923158984062736827423474279178561392139320593601409846991381578
৮৫৫,41972799861541965802900284184952411682725560496017580798300400157361905960954
৮৫৬,86520717684326628136159674153752539562761934723449051406786541762348437997463
৮৫৭,86965659988178599343866446216068633466408827807692975281241824169275920375222
৮৫৮,26934889095299614438641953827905835447970171649587434152371647176679770335132
৮৫৯,68159627714474787402059969241324472842593458827420749449199611569749918478769
৮৬০,11476219715080016671181671158024850487631136853794404316821620273595650343523
৮৬১,58205520819192106912678992909183152722146069641839638440254401462066784682790
৮৬২,68190388528559296001936390112912078400718583387707836065563935845203491972545
৮৬৩,102895924652020003711344815496459602377716516595444298896546536691553235172107
৮৬৪,82616100839936683807954062466870557338721740027523426029477139073940271947393
৮৬৫,114477548657585028493645695475541191944908475570120787431551981523462974205915
৮৬৬,30565126946819430098634601825308736484897805332503631771065000006335326484966
৮৬৭,975525365309286196746864995929669763605360242743679279485898439880935123653
৮৬৮,112376036918356405335740631679031850222522975694907577913982304311560932108423
৮৬৯,45625808478061060815292538585763126941156715568792543794729022754843443057374
৮৭০,91844452236512154774309776531329069403639021304126970940980777379074884529995
৮৭১,52468621731595491571144887031654255943558683227773577932174117550777811076502
৮৭২,36308036751864375621129340035027846128380144859439438998833609847222843138597
৮৭৩,10936993208862583018248146998572136692882861013273613724179164538596348138479
৮৭৪,76265665124443322045170939563060316568565907414031416073381418297561441474385
৮৭৫,75139198449513289436640093381181710602786639224140000994911386448723358988371
৮৭৬,112677220727397057003730292745256626000810230285418376557245581314270979068385
৮৭৭,53329908083098234010714886150434390313818481504641220988591204695357973475015
৮৭৮,39603893376001660096324697153708749685061419417046304594717629279684045172911
৮৭৯,110915816498157573633885789930643469503455139391714853539897657184400346011266
৮৮০,108727100900590748674111228338242351071097615320300332771088190370836929559329
৮৮১,79172644144221563001685997790159052773789397308481895186418242649894116471906
৮৮২,94780170964946381396238406079233537603464581968318995162348427988039238552531
৮৮৩,12794622804295834317551732283891465085712365365505924920696272176062913046853
৮৮৪,12623655388674357587532854364111082808781261999076239876116227588193956483562
৮৮৫,74412453224827459520106700101610330332631440597468925065014662180062299300053
৮৮৬,53155343498524950613876448965475365443041167128663730122179512977588098184752
৮৮৭,91070637584809230651342696876334326214443540623344303056042293613798210696435
৮৮৮,15118603038182842767865126079453269403416984064689538674098353634457045790982
৮৮৯,93751261816009991093173970972375704722827401755751235948574611501700107582280
৮৯০,4324048548190642132769774732792982613815770407615878808681446350653500634097
৮৯১,3280315919168393580705086145552988323523363718176808010750194416553048977389
৮৯২,7659722020055808300414972143827585499181893351998223797812919019732405548886
৮৯৩,30904126944505870524261875957406528823268743876684634936995215071591782450057
৮৯৪,12708564111074410670586923888071292985168390401818193599418436500601080615920
৮৯৫,93317685412399055287970862829427839968254091673671248663100142991520009035627
৮৯৬,58822841872081857107334538110845416766363876827771259115001216733191014344108
৮৯৭,50459988691097846610312609779075366344184617491740745259280182489884245001172
৮৯৮,34818996099518106921870940276792201841997228903522837735187984634958669269914
৮৯৯,95584535256826796383050560540494719041224488436131770681030893129217721498613
৯০০,93630077455769493548857607698652248589584408061461333245132563037039845940480
৯০১,47564130723579326158226145974089825355391644440088869571860690224983188795472
৯০২,111845858295626513119929870079407950551086711290828326055716869793776277685034
৯০৩,56786762362252632033717808137291519994984607096567171983113257371786289167982
৯০৪,68492436218551223586261065052245064538963615530532361506321600579168370912786
৯০৫,35179404642157140738511637933489711810239342263978853193302052252664833255268
৯০৬,65331547455708785219344383893170192507698045375983401825069416531223435874151
৯০৭,60195207023557497167148216257609591581873438513393293830410430181889174340915
৯০৮,105558230230612908860261289937291450527165914856396439717637464875189184429384
৯০৯,34365063413643853750442364527870706756850609562799238082938944902297091913855
৯১০,114021555520039391784361672420760674644870793815055047649144970067656741640823
৯১১,56472658180477904453010105824307562917204594806049039960546077995291504021082
৯১২,13723411542613328933825852629078397574368417053825489071359268995376325239890
৯১৩,71014199769928349903265662830396618651765406566340127517167774575697955197576
৯১৪,56259757856083066764885528381015013604478301911168643425988969663849902346566
৯১৫,91683262204846759484207986035294413035670089852695785889654578536577904556401
৯১৬,67629369638255214127016321555446938471956169170210466854803890256703769342709
৯১৭,27516765783610741221770823750181315079428896014616382784468581042865878894010
৯১৮,67348106805055566039152145702721465608615477087183417304133210597037850114281
৯১৯,79195659183312201544524457737336449538307366945109704772522193219355621812172
৯২০,47026160459261395145592111488430058907149700605302198837571303932935340970579
৯২১,30958190589679282029660789129790975165465059858737084026753640724490584513064
৯২২,104648238774779525826797640112581829321026047271513919103559496382154359862496
৯২৩,3667085743376407402918290700089194109732875320311949714735065529053728946712
৯২৪,58354921971531735297794443904196293340374120319647462812361303934712711834665
৯২৫,94906444652099995121243158396170262593504700640708602800747767868961285213066
৯২৬,43940876390099221675003938869374695600579065491102558663023613061861907771902
৯২৭,61554356365458388229574384483902417671080947276393036670158341115114675678719
৯২৮,103222070009418840536976953666498133780100357747374410981356995365354705150801
৯২৯,79199239885182738240447481105172237558639315298715283437092005845992459838302
৯৩০,66417576435320635376228370315733674556845775139056911729140991302347284450894
৯৩১,94601835371997261922646386795013304833847353112599669798748596996722485635296
৯৩২,63935269103050708230950818490609814420972479054952579978131048226871233299823
৯৩৩,78189620137163047190845994487763432239520103729472179278813936506222637820798
৯৩৪,79571055665844899882399699066706435182880647797379743250547631645399970352959
৯৩৫,47862232419882956126630466534486936798498241292573217402164192949879679517695
৯৩৬,80554964566962602407779048074124643292832184113277678703647474324674247470222
৯৩৭,57816479768029991506563733054530907038149816859967134225422647325544753362873
৯৩৮,66269202632353996998644466872246049283823235535814101300157203768340119539327
৯৩৯,36362032734592946844245859616063793894622801724729373118443266735672948804745
৯৪০,79307559010319726888061942572235563956829012139801618320208399303978517716312
৯৪১,104404006020112649549489824396267432201381890029352274274826319265680415770867
৯৪২,16989653250896530135338549697881965855363509596037164847713432519557872062972
৯৪৩,111215149719820806203650438838017883758153763808495590376501684447790036720115
৯৪৪,99610028679528794730122046853678675359844706724651859409764434548362489135236
৯৪৫,72677705181297732307020634847293770750438830733103929943147469796111727622300
৯৪৬,10347052507185088800910963154473959090817124713484544163742430739436337592792
৯৪৭,54882373766018436925103253585939151848406863456073909515050163216544511579
৯৪৮,48917155290704295005205777042112577021977365642888570622060839625565018315740
৯৪৯,58602479783924394596503564204484751405080662256639281673519823405960069659048
৯৫০,17603553855135238353003955860456975570999062006399629120649199414230147850732
৯৫১,13929773160895323716275620029348952243880981611746594064974225999480962420682
৯৫২,78760882816995272831029740140585659082460890856994898179570462880709829480714
৯৫৩,14809475858977864983046112681836243076393934083693531531640611292679355141982
৯৫৪,37941694551332828642151592705791211105797185843372131353045898440284142014636
৯৫৫,61950617417023491797397440817915937185092759126039796464448056318755408342502
৯৫৬,102976678104101000988810997608057171094412390283031669407156993073616669051291
৯৫৭,45374811300287296514646374490643502279777046614847686927278111094720442330030
৯৫৮,83539540417332136559951998563838794034526525008232877622136994371216024110809
৯৫৯,49174265039743766849706875494246256128859830778184096144820564964836964655029
৯৬০,112344729064374983180815487216248205439382286079491118317996244159496307671526
৯৬১,46695853504562325608156429740334788211213557668252174004673029777421868916262
৯৬২,59522385855814850079496751997316122232815127863788629102560930957513461202559
৯৬৩,61759319070939441371115847829973018377723365856236976426469076529283579697617
৯৬৪,796243707226993133496385206648037218186107677669140883282030388386813895285
৯৬৫,3340969404014857395358595312073711641796541580264705415255013876711824055670
৯৬৬,73493847811458863423018779093131577814247203077415657708767903981131713417458
৯৬৭,795458809520999947558754956034630706395593700817381216539687404335745060582
৯৬৮,97803218901598245400342844571614184524050652999248123409757422164850268114011
৯৬৯,53005398901758355709911765816577933502394368026648354482168152293823161981447
৯৭০,43225150068938933456223577053995326977909900104568104547661433042051754154186
৯৭১,54383083894601216535834389282371010628999667658969880926653798672274571938905
৯৭২,66937532547431193978905401863015276600874637232069862772620146524850257207924
৯৭৩,8083329747512363362576899335143906906583552539634770444250579496309981242515
৯৭৪,64773509576986041422120315695749570344502511181777412120574289326564767862683
৯৭৫,92197925599000372932220307725745151921834514196736431727170867749397802825504
৯৭৬,38024050251358720155366866288757384200194884288162022546774980300414982881088
৯৭৭,102808812979900664644411823211833432112683556758064466145623444388914632004771
৯৭৮,6035156796108048458172897858872560679314497884203323217669485514828244568359
৯৭৯,32184480402210218086841649634057087231302867889697598823912125396664540632442
৯৮০,110756503327307854620477683782738569325872363929413124822406250763849888858208
৯৮১,18267172600058563191966702265723900939758783985631518840657552985928605846119
৯৮২,94384322913920456805933476441942211047196044649290537670491744858030168978677
৯৮৩,60371038703368816413188987519379565416586193072444793043357701321759886278820
৯৮৪,76827312741082385147597221977965718178935960693518618914320360095803036938149
৯৮৫,60302079542662937068277424985199946597766936846592566438423533284101886916697
৯৮৬,32676208612445734962889659880203655305654592640489830874597597892983899135842
৯৮৭,72733983347309547934556505186033950442323349320137412442747157608140053127122
৯৮৮,3394095003190015996410034449429444379572191400694240198837616699298634121841
৯৮৯,77326260045845709701123880372185475593668866961104093114298822694602891281555
৯৯০,5115425631008073482207696276603626992149375262373371182171455376060688632201
৯৯১,101205648350341669987497062417751445515794663423187399726620990032112871900558
৯৯২,712970908120497673075198845282307709375456928439720832564805567917896430635
৯৯৩,102415738583533581882334381191595208816659720420061707106295504544202690810905
৯৯৪,32209658898479459106718124112981393840623251239227891964155752128329056012150
৯৯৫,7248933083929297971851786132717794537365377393663877262429359556153815283126
৯৯৬,27601029631634022477298095795492217968557918475165777450458790039189177708211
৯৯৭,37980126160536771903772032364372733965035833707754025755475257095353319825197
৯৯৮,870181646579267496773125742357575483675795619341525720057194295072024167372
৯৯৯,86673478512478129262067513137067016205610953460850352181883178895731293643390
